XML name	MayRequire	Parrent abstract	Parrent Pawn kind abstract	Market value	MoveSpeed	Wildness	FilthRate	ComfyTemperatureMin	ComfyTemperatureMax	ArmorRating_Sharp	ArmorRating_Blunt	ToxicEnvironmentResistance	Head damage	Head attack interval	Poke/leg claws damage	Poke/leg claws attack interval	Poke/leg claws linkedBodyPartsGroup	Poke/leg claws label	Poke/leg claws capacities	Horn/Antler/Tusks damage	Horn/Antler/Tusks attack interval	Horn/Antler/Tusks linkedBodyPartsGroup	Horn/Antler/Tusks label	Horn/Antler/Tusks capacities	Horn/Antler/Tusks Male only	Bite damage	Bite attack interval	Bite linkedBodyPartsGroup	Bite label	Bite capacities	Paw claw/punch damage	Paw claw/punch attack interval	Paw claw/punch linkedBodyPartsGroup	Paw claw/punch label	Paw claw/punch capacities	Stun	baseBodySize	baseHealthScale	baseHungerRate	Lifespan (years)	Gestation period (days)	Adult age	Juv age (years)	Litter size	herdAnimal 	herdMigrationAllowed 	Foodtype	roamMtbDays	LeatherDef	Body	manhunterOnTameFailChance	manhunterOnDamageChance	petness 	nuzzleMtbHours 	mateMtbHours 	trainability 	predator 	maxPreyBodySize	nameOnTameChance 	moveSpeedFactorByTerrainTag (water)	waterSeeker	canFishForFood	specialTrainables	waterCellCost	Combat power	ecoSystemWeight	wildGroupSize 	CanArriveManhunter	PackAnimal	TradeTags	WildBiomes	Costal	Eco system number	Toxic eco system number	IsMammal	Ectothermic	AgroAtSlaughter	CannotBeAugmented	CannotBeMutated	NoFlee	IsScavenger
<li>Bear_Polar</li>	No	BaseBear	BearBase	900	5	0.8	3	-65	25	No	No	Standard	10.0	2.60	No	No	No	No	No	No	No	No	No	No	False	25.0	2.20	Teeth	canines	Bite	16.0	1.55	FrontRightPaw, FrontRightPaw	left claw, right claw	Scratch	16	2.25	2.70	0.95	25	6.5	0.80	0.40	2.00	false	false	CarnivoreAnimal, OvivoreAnimal	No	Leather_Bear	QuadrupedAnimalWithPaws	0.100	0.300	No	No	12	Advanced	true	3	1	No	false	true	AttackTarget	10	235	1.20	No	true	false	AnimalUncommon, AnimalFighter	SeaIce IceSheet Tundra	false	0.05	No	True	False	False	False	False	False	No
<li>Bear_Grizzly</li>	No	BaseBear	BearBase	825	6	0.75	2	-45	35	No	No	Standard	9.0	2.50	No	No	No	No	No	No	No	No	No	No	False	23.0	2.10	Teeth	canines	Bite	14.5	1.50	FrontRightPaw, FrontRightPaw	left claw, right claw	Scratch	16	2	2.40	0.90	25	7.5	0.60	0.30	2.00	false	false	OmnivoreAnimal, OvivoreAnimal	No	Leather_Bear	QuadrupedAnimalWithPaws	0.100	0.300	No	No	12	Advanced	true	2.5	1	No	false	true	Forage, AttackTarget	No	210	1.10	No	true	false	AnimalUncommon, AnimalFighter	BorealForest ColdBog TemperateForest TemperateSwamp GlacialPlain	false	0.05	No	True	False	False	False	False	False	Bone
<li>Raccoon</li>	No	None	None	125	3	0.45	1	-35	35	No	No	0.8	2.0	1.35	No	No	No	No	No	No	No	No	No	No	False	5.5	1.15	Teeth	canines	Bite	3.5	0.80	FrontRightPaw, FrontRightPaw	left claw, right claw	Scratch	6	0.3	0.35	0.30	12	6.5	0.30	0.15	4.00	false	false	OmnivoreAnimal, OvivoreAnimal	No	Leather_Light	QuadrupedAnimalWithPawsAndTail	0.000	0.000	No	36	12	Advanced	false	No	1	No	false	true	Forage, Comfort	No	45	0.30	No	true	false	AnimalCommon	BorealForest ColdBog TemperateForest TemperateSwamp GlacialPlain Scarlands	false	0.4	0.3	True	False	False	False	False	False	Flesh
<li>Ostrich</li>	No	BigBirdThingBase	BigBirdKindBase	250	6	0.65	15	-25	50	No	No	Standard	6.5	2.20	10.5	2.20	Feet	rear left claw, rear  right claw	Scratch	No	No	No	No	No	False	6.5	1.95	Beak	beak	Blunt	No	No	No	No	No	No	1.3	1.30	0.80	30	Lay eggs	0.40	0.20	Lay eggs	true	false	VegetarianRoughAnimal	2	Leather_Bird	Bird	0.000	0.000	No	No	12	None	false	No	0	No	false	false	No	No	75	0.90	2~6	false	false	AnimalCommon, AnimalFarm	AridShrubland Desert Grasslands LavaField	false	0.2	No	False	False	False	False	False	False	No
<li>Cassowary</li>	No	BigBirdThingBase	BigBirdKindBase	200	5.5	0.85	9	0	40	No	No	Standard	4.5	1.85	7.0	1.85	Feet	rear left claw, rear  right claw	Scratch	No	No	No	No	No	False	4.5	1.70	Beak	beak	Blunt	No	No	No	No	No	No	0.8	0.80	0.60	15	Lay eggs	0.60	0.30	Lay eggs	false	false	VegetarianRoughAnimal	2	Leather_Bird	Bird	0.025	0.050	No	No	12	None	false	No	0	No	false	false	No	No	55	0.65	No	false	false	AnimalUncommon	TropicalRainforest TropicalSwamp Glowforest	false	0.25	No	False	False	False	False	False	False	No
<li>Emu</li>	No	BigBirdThingBase	BigBirdKindBase	175	5	0.55	9	-20	50	No	No	Standard	4.0	1.80	6.5	1.80	Feet	rear left claw, rear  right claw	Scratch	No	No	No	No	No	False	4.5	1.60	Beak	beak	Blunt	No	No	No	No	No	No	0.75	0.75	0.55	15	Lay eggs	0.40	0.20	Lay eggs	true	false	VegetarianRoughAnimal	4	Leather_Bird	Bird	0.000	0.000	No	No	12	None	false	No	0	No	false	false	No	No	50	0.60	2~6	false	false	AnimalCommon, AnimalFarm	AridShrubland Desert Grasslands LavaField	false	0.25	No	False	False	False	False	False	False	No
<li>Turkey</li>	No	BigBirdThingBase	BigBirdKindBase	125	2	0.5	4	-25	35	No	No	Standard	2.5	1.35	3.5	1.35	Feet	rear left claw, rear  right claw	Scratch	No	No	No	No	No	False	2.5	1.20	Beak	beak	Blunt	No	No	No	No	No	No	0.35	0.35	0.40	10	Lay eggs	0.30	0.15	Lay eggs	true	false	VegetarianRoughAnimal	4	No	Bird	0.000	0.000	No	No	12	None	false	No	0	No	false	false	No	No	30	0.40	3~10	false	false	AnimalCommon	TemperateForest TemperateSwamp	false	0.35	No	False	False	False	False	False	False	No
<li>Goose</li>	No	None	None	100	1.5	0	4	-5	35	No	No	Standard	2.5	1.40	No	No	No	No	No	No	No	No	No	No	False	2.5	1.25	Beak	beak	Blunt	No	No	No	No	No	No	0.35	0.35	0.40	20	Lay eggs	0.30	0.15	Lay eggs	true	false	VegetarianRoughAnimal	12	No	Bird	0.000	0.000	0.5	No	8	None	false	No	0	No	true	false	No	1	30	0.40	3~10	false	false	AnimalCommon, AnimalFarm		false	0.35	No	False	False	False	False	False	False	No
<li>Duck</li>	No	None	None	100	1.5	0.45	2	-35	35	No	No	Standard	1.5	1.00	No	No	No	No	No	No	No	No	No	No	False	1.5	0.90	Beak	beak	Blunt	No	No	No	No	No	No	0.15	0.15	0.30	18	Lay eggs	0.30	0.15	Lay eggs	true	false	VegetarianRoughAnimal	4	No	Bird	0.000	0.000	No	No	12	None	false	No	0	No	true	false	No	1	25	0.25	3~10	false	false	AnimalCommon	ColdBog TemperateSwamp	false	0.7	No	False	False	False	False	False	False	No
<li>Chicken</li>	No	None	None	100	2	0	3	-5	35	No	No	Standard	1.5	1.15	2.5	1.15	Feet	rear left claw, rear  right claw	Scratch	No	No	No	No	No	False	1.5	1.05	Beak	beak	Blunt	No	No	No	No	No	No	0.2	0.20	0.30	15	Lay eggs	0.20	0.10	Lay eggs	true	false	OmnivoreRoughAnimal, OvivoreAnimal	12	No	Bird	0.000	0.000	0.5	No	8	None	false	No	0	No	false	false	No	No	25	0.30	3~10	false	false	AnimalCommon, AnimalFarm		false	0.5	No	False	False	False	False	False	False	No
<li>Dromedary</li>	No	None	None	450	5	0.2	14	-35	50	No	No	Standard	11.0	2.70	14.5	2.40	FrontLeftLeg, FrontRightLeg	left hoof, right hoof	Blunt	No	No	No	No	No	False	20.0	2.30	Teeth	teeth	Bite	No	No	No	No	No	No	2.75	2.75	1.10	15	14.0	0.40	0.20	1.00	true	true	VegetarianRoughAnimal	12	Leather_Camel	QuadrupedAnimalWithHoovesAndHump	0.000	0.000	0.5	No	12	None	false	No	0	No	false	false	No	No	170	1.45	3~10	false	true	AnimalCommon, AnimalFarm	AridShrubland Desert ExtremeDesert LavaField Scarlands	false	0.15	No	True	False	False	False	False	False	No
<li>Alpaca</li>	No	None	None	175	7.5	0	6	-15	35	No	No	Standard	5.5	2.05	7.5	1.85	FrontLeftLeg, FrontRightLeg	left hoof, right hoof	Blunt	No	No	No	No	No	False	10.5	1.75	Teeth	teeth	Bite	No	No	No	No	No	No	1.05	1.05	0.60	15	13.0	0.30	0.15	1.00	true	true	VegetarianRoughAnimal	12	Leather_Camel	QuadrupedAnimalWithHooves	0.000	0.000	0.5	No	12	None	false	No	0	No	false	false	No	No	75	0.70	3~8	false	true	AnimalCommon, AnimalFarm		false	0.2	No	True	False	False	False	False	False	No
<li>YorkshireTerrier</li>	No	None	None	75	5	0	1	-5	35	No	No	Standard	1.5	1.15	No	No	No	No	No	No	No	No	No	No	False	4.0	0.90	Teeth	canines	Bite	No	No	No	No	No	14	0.2	0.25	0.25	15	6.5	0.30	0.15	6.00	true	false	OmnivoreAnimal, OvivoreAnimal	No	Leather_Dog	QuadrupedAnimalWithPawsAndTail	0.000	0.000	1	12	12	Advanced	true	0.2	1	No	false	false	Comfort	No	40	0.25	2~6	false	false	AnimalCommon, AnimalPet		false	0.1	No	True	False	False	False	False	False	No
<li>LabradorRetriever</li>	No	None	None	325	8	0	1	-30	35	No	No	Standard	4.0	1.75	No	No	No	No	No	No	No	No	No	No	False	10.5	1.40	Teeth	canines	Bite	No	No	No	No	No	16	0.7	0.85	0.45	15	6.5	0.30	0.15	6.00	true	false	OmnivoreAnimal, OvivoreAnimal	No	Leather_Dog	QuadrupedAnimalWithPawsAndTail	0.000	0.100	1	24	12	Advanced	true	1	1	No	false	false	AttackTarget, Comfort	No	85	0.50	2~6	false	false	AnimalCommon, AnimalFighter, AnimalPet		false	0.05	No	True	False	False	False	False	False	No
<li>Husky</li>	No	None	None	350	8	0	1	-50	35	No	No	Standard	4.0	1.80	No	No	No	No	No	No	No	No	No	No	False	11.5	1.45	Teeth	canines	Bite	No	No	No	No	No	16	0.75	0.90	0.50	15	6.5	0.30	0.15	6.00	true	false	OmnivoreAnimal, OvivoreAnimal	No	Leather_Dog	QuadrupedAnimalWithPawsAndTail	0.000	0.100	1	24	12	Advanced	true	1.25	1	No	false	false	AttackTarget, Comfort	No	90	0.55	2~6	false	false	AnimalCommon, AnimalFighter, AnimalPet		false	0.05	No	True	False	False	False	False	False	No
<li>Cougar</li>	No	BigCatThingBase	BigCatKindBase	550	8	0.75	1	-40	50	No	No	Standard	5.5	2.00	No	No	No	No	No	No	No	No	No	No	False	13.5	1.40	Teeth	canines	Bite	8.5	1.00	FrontRightPaw, FrontRightPaw	left claw, right claw	Scratch	20	1	1.20	0.55	15	7.0	0.40	0.20	2.50	false	false	CarnivoreAnimal, OvivoreAnimal	No	Leather_Panthera	QuadrupedAnimalWithPawsAndTail	0.100	0.300	No	No	12	Intermediate	true	2	1	No	false	false	AttackTarget	No	120	0.65	No	true	false	AnimalUncommon, AnimalFighter	BorealForest ColdBog TemperateForest TemperateSwamp AridShrubland Desert LavaField GlacialPlain	false	0.05	No	True	False	False	False	False	False	No
<li>Panther</li>	No	BigCatThingBase	BigCatKindBase	625	7.5	0.8	2	-30	40	No	No	Standard	6.0	2.10	No	No	No	No	No	No	No	No	No	No	False	17.0	1.45	Teeth	canines	Bite	9.5	1.05	FrontRightPaw, FrontRightPaw	left claw, right claw	Scratch	20	1.15	1.40	0.60	15	7.0	0.40	0.20	2.00	false	false	CarnivoreAnimal, OvivoreAnimal	No	Leather_Panthera	QuadrupedAnimalWithPawsAndTail	0.100	0.300	No	No	12	Intermediate	true	2.5	1	No	false	true	AttackTarget	10	145	0.70	No	true	false	AnimalUncommon, AnimalFighter	TropicalRainforest TropicalSwamp Glowforest	false	0.05	No	True	False	False	False	False	False	No
<li>Lynx</li>	No	None	None	425	6.5	0.65	1	-50	35	No	No	Standard	3.5	1.65	No	No	No	No	No	No	No	No	No	No	False	9.5	1.15	Teeth	canines	Bite	5.5	0.85	FrontRightPaw, FrontRightPaw	left claw, right claw	Scratch	18	0.6	0.70	0.40	15	6.5	0.30	0.15	2.00	false	false	CarnivoreAnimal, OvivoreAnimal	No	Leather_Panthera	QuadrupedAnimalWithPawsAndTail	0.100	0.300	No	48	12	Intermediate	true	1.25	1	No	false	false	AttackTarget	No	80	0.45	No	true	false	AnimalUncommon, AnimalFighter	Tundra BorealForest ColdBog TemperateForest TemperateSwamp GlacialPlain	false	0.05	No	True	False	False	False	False	False	No
<li>Cat</li>	No	None	None	100	5.5	0	1	-15	35	No	No	Standard	2.0	1.25	No	No	No	No	No	No	No	No	No	No	False	5.5	0.90	Teeth	canines	Bite	3.0	0.65	FrontRightPaw, FrontRightPaw	left claw, right claw	Scratch	16	0.3	0.35	0.30	15	6.5	0.30	0.15	4.00	false	false	CarnivoreAnimal, OvivoreAnimal	No	Leather_Light	QuadrupedAnimalWithPawsAndTail	0.000	0.000	1	12	12	Intermediate	true	0.3	1	No	false	false	Comfort	No	50	0.30	No	false	false	AnimalCommon, AnimalPet	Scarlands	false	0.1	No	True	False	False	False	False	False	No
<li>Horse</li>	No	None	None	325	9	0	13	-35	45	No	No	Standard	10.5	2.65	14.0	2.40	FrontLeftLeg, FrontRightLeg	left hoof, right hoof	Blunt	No	No	No	No	No	False	19.0	2.25	Teeth	teeth	Bite	No	No	No	No	No	No	2.5	2.50	1.05	35	13.0	0.40	0.20	1.00	true	true	VegetarianRoughAnimal	12	Leather_Plain	QuadrupedAnimalWithHooves	0.000	0.000	0.5	No	12	None	false	No	0	No	false	false	No	No	165	1.35	3~10	false	true	AnimalCommon, AnimalFarm	TemperateForest TemperateSwamp AridShrubland Grasslands Scarlands	false	0.15	No	True	False	False	False	False	False	No
<li>Donkey</li>	No	None	None	175	8.5	0	8	-25	50	No	No	Standard	7.5	2.30	10.0	2.10	FrontLeftLeg, FrontRightLeg	left hoof, right hoof	Blunt	No	No	No	No	No	False	14.0	1.95	Teeth	teeth	Bite	No	No	No	No	No	No	1.6	1.60	0.75	25	13.5	0.40	0.20	1.00	true	true	VegetarianRoughAnimal	12	Leather_Plain	QuadrupedAnimalWithHooves	0.000	0.000	0.5	No	12	None	false	No	0	No	false	false	No	No	105	0.90	3~10	false	true	AnimalCommon, AnimalFarm	AridShrubland Desert ExtremeDesert Grasslands LavaField Scarlands	false	0.15	No	True	False	False	False	False	False	No
<li>Hare</li>	No	BaseHare	HareBase	75	8	0.55	2	-35	50	No	No	Standard	2.0	1.20	No	No	No	No	No	No	No	No	No	No	False	3.0	1.10	Teeth	Incisors	Bite	No	No	No	No	No	No	0.25	0.25	0.25	9	6.0	0.30	0.15	2.00	false	false	VegetarianRoughAnimal	4	Leather_Light	QuadrupedAnimalWithPaws	0.000	0.000	No	No	8	None	false	No	0	No	false	false	No	No	40	0.25	No	false	false	AnimalCommon	BorealForest ColdBog TemperateForest TemperateSwamp AridShrubland Desert Grasslands LavaField GlacialPlain	false	0.45	No	True	False	False	False	False	False	No
<li>Snowhare</li>	No	BaseHare	HareBase	75	8	0.55	2	-55	25	No	No	Standard	2.0	1.20	No	No	No	No	No	No	No	No	No	No	False	3.0	1.10	Teeth	Incisors	Bite	No	No	No	No	No	No	0.25	0.25	0.25	9	6.0	0.30	0.15	2.00	false	false	VegetarianRoughAnimal	4	Leather_Light	QuadrupedAnimalWithPaws	0.000	0.000	No	No	8	None	false	No	0	No	false	false	No	No	40	0.25	No	false	false	AnimalCommon	SeaIce IceSheet Tundra	false	0.45	No	True	False	False	False	False	False	No
<li>Rhinoceros</li>	No	None	None	700	6	0.85	18	-10	45	No	No	Standard	16.0	3.20	No	No	No	No	No	31.0	1.90	HeadAttackTool	horn	Scratch	False	28.5	2.70	Teeth	teeth	Bite	No	No	No	No	No	No	3.5	4.20	1.75	50	16.0	0.80	0.40	1.00	false	false	VegetarianRoughAnimal	2	Leather_Rhinoceros	QuadrupedAnimalWithHoovesAndHorn	0.100	0.300	No	No	12	None	false	No	0	No	false	false	No	No	395	2.10	No	false	false	AnimalUncommon	AridShrubland Grasslands	false	0.15	No	True	False	False	False	False	False	No
<li>Elephant</li>	No	None	None	2000	3.5	0.95	25	-15	45	No	No	Standard	27.5	4.00	34.0	3.60	FrontLeftLeg, FrontRightLeg	left foot, right foot	Blunt	53.0	2.80	TuskAttackTool	tusk	Scratch	False	No	No	No	No	No	No	No	No	No	No	No	5	7.50	2.70	55	20.0	1.80	0.90	1.00	true	true	VegetarianRoughAnimal	No	Leather_Elephant	QuadrupedAnimalWithHoovesTusksAndTrunk	0.025	0.300	No	No	12	Advanced	false	No	1	No	false	false	WarTrumpet	No	585	3.15	3~10	true	true	AnimalUncommon, AnimalFighter	AridShrubland Grasslands	false	0.1	No	True	False	False	False	False	False	No
<li>Thrumbo</li>	No	None	None	2850	4.5	0.985	28	-75	35	0.70	0.60	Standard	31.5	4.20	38.0	3.80	FrontLeftLeg, FrontRightLeg	left foot, right foot	Blunt	59.5	2.50	HeadAttackTool	horn	Cut	False	No	No	No	No	No	No	No	No	No	No	No	5.5	9.90	2.85	220	20.0	2.00	1.00	1.00	true	false	DendrovoreAnimal	No	Leather_Thrumbo	QuadrupedAnimalWithHoovesAndHorn	0.000	1.000	No	No	12	Advanced	false	No	1	No	false	false	ThrumboRoar	No	915	3.40	1~6	false	false	AnimalExotic		false	0.1	No	True	False	True	False	True	False	No
<li>Megasloth</li>	No	None	None	2125	3.5	0.95	24	-55	45	No	0.15	Standard	25.5	3.90	No	No	No	No	No	No	No	No	No	No	False	29.5	3.30	Teeth	teeth	Bite	41.0	2.35	FrontRightPaw, FrontRightPaw	left claw, right claw	Scratch	No	4.75	7.15	2.60	65	15.5	1.60	0.80	1.00	false	false	VegetarianRoughAnimal	No	Leather_Heavy	QuadrupedAnimalWithPawsAndTail	0.100	0.300	No	No	12	Intermediate	false	No	1	No	false	false	Dig	No	710	3.05	No	false	false	AnimalExotic, AnimalFighter	BorealForest ColdBog TemperateForest TemperateSwamp Grasslands GlacialPlain	false	0.1	No	True	False	False	False	False	False	No
<li>WildBoar</li>	No	None	None	250	5	0.7	8	-45	40	No	No	Standard	7.5	2.30	No	No	No	No	No	14.0	1.35	TuskAttackTool	tusk	Scratch	True	15.0	1.95	Teeth	teeth	Bite	No	No	No	No	No	No	1.5	1.50	0.75	15	7.5	0.30	0.15	7.00	true	false	OmnivoreRoughAnimal, OvivoreAnimal	2	Leather_Pig	QuadrupedAnimalWithHoovesAndTusks	0.050	0.100	No	No	12	None	false	No	0	No	false	false	Forage	No	130	0.90	3~10	false	false	AnimalUncommon	BorealForest ColdBog TemperateForest TemperateSwamp TropicalRainforest TropicalSwamp Glowforest Scarlands	false	0.2	No	True	False	False	False	False	False	No
<li>Pig</li>	No	None	None	225	5	0	12	-5	35	No	No	Standard	9.5	2.55	No	No	No	No	No	No	No	No	No	No	False	12.0	2.15	Teeth	teeth	Bite	No	No	No	No	No	No	2.25	2.25	0.95	15	7.5	0.30	0.15	11.10	true	false	OmnivoreRoughAnimal, OvivoreAnimal	12	Leather_Pig	QuadrupedAnimalWithHooves	0.000	0.000	0.5	No	12	None	false	No	0	No	false	false	Forage	No	125	1.20	3~10	false	false	AnimalCommon, AnimalFarm	Scarlands	false	0.15	No	True	False	False	False	False	False	No
<li>Monkey</li>	No	None	None	125	4	0.6	1	10	40	No	No	Standard	2.5	1.35	No	No	No	No	No	No	No	No	No	No	False	6.0	1.15	Teeth	canines	Bite	3.5	0.80	LeftHand, RightHand	left fist, right fist	Blunt	No	0.35	0.35	0.30	25	9.0	0.60	0.30	1.00	true	false	OmnivoreRoughAnimal, OvivoreAnimal	No	Leather_Light	Monkey	0.000	0.000	No	36	12	Advanced	false	No	1	No	false	false	Forage, Comfort	No	45	0.30	5~15	true	false	AnimalCommon	TropicalRainforest TropicalSwamp Glowforest	false	0.35	No	True	False	False	False	False	False	No
<li>Iguana</li>	No	None	None	150	3.5	0.6	1	15	40	No	No	0.8	2.5	1.40	No	No	No	No	No	No	No	No	No	No	False	7.0	1.25	Teeth	teeth	Bite	4.0	1.00	FrontLeftClaws, FrontRightClaws	left claw, right claw	Scratch	No	0.4	0.40	0.05	12	Lay eggs	0.80	0.40	Lay eggs	false	false	VegetarianRoughAnimal	No	Leather_Lizard	QuadrupedAnimalWithClawsTailAndJowl	0.000	0.000	No	No	12	None	false	No	0	No	false	false	No	No	45	0.10	No	false	false	AnimalUncommon	TropicalRainforest TropicalSwamp	false	0.35	0.3	False	True	False	False	False	False	No
<li>Cobra</li>	No	None	None	225	2.5	0.7	1	15	40	No	No	Standard	2.5	1.45	No	No	No	No	No	No	No	No	No	No	False	6.5	1.15	Mouth	fangs	ToxicBite	No	No	No	No	No	18	0.4	0.50	0.05	12	Lay eggs	0.80	0.40	Lay eggs	false	false	CarnivoreAnimal, OvivoreAnimal	No	Leather_Lizard	Snake	0.025	0.000	No	No	12	None	true	0.5	0	No	false	false	No	No	50	0.10	No	false	false	AnimalUncommon	TropicalRainforest TropicalSwamp Glowforest	false	0.3	No	False	True	False	False	False	False	No
<li>Tortoise</li>	No	None	None	175	0.5	0.65	1	15	40	0.30	0.05	Standard	4.0	1.70	No	No	No	No	No	No	No	No	No	No	False	7.0	1.70	TurtleBeakAttackTool	beak	Bite	No	No	No	No	No	No	0.65	0.65	0.10	55	Lay eggs	2.40	1.20	Lay eggs	false	false	VegetarianRoughAnimal	2	Leather_Lizard	TurtleLike	0.000	0.000	No	No	12	None	false	No	0	No	false	false	No	No	55	0.20	No	false	false	AnimalUncommon	TropicalRainforest TropicalSwamp Glowforest	false	0.25	No	False	True	False	False	False	False	No
<li>Rat</li>	No	None	None	25	1.5	0.4	1	-25	50	No	No	0.8	1.0	0.85	No	No	No	No	No	No	No	No	No	No	False	2.0	0.75	Teeth	Incisors	Bite	No	No	No	No	No	No	0.1	0.10	0.20	2	5.5	0.20	0.10	9.90	true	false	OmnivoreRoughAnimal, OvivoreAnimal	No	Leather_Light	QuadrupedAnimalWithPawsAndTail	0.000	0.000	No	36	8	None	false	No	0	No	false	false	No	No	25	0.20	1~6	true	false	AnimalCommon	BorealForest ColdBog TemperateForest TemperateSwamp AridShrubland Desert TropicalRainforest TropicalSwamp Grasslands Glowforest LavaField Scarlands	false	1	0.8	True	False	False	False	False	False	Flesh
<li>Squirrel</li>	No	None	None	50	3.5	0.5	1	-35	35	No	No	Standard	1.0	0.90	No	No	No	No	No	No	No	No	No	No	False	2.0	0.85	Teeth	Incisors	Bite	No	No	No	No	No	No	0.15	0.15	0.25	8	6.0	0.30	0.15	5.00	false	false	VegetarianRoughAnimal	No	Leather_Squirrel	QuadrupedAnimalWithPawsAndTail	0.000	0.000	No	36	8	None	false	No	0	No	false	false	No	No	30	0.25	No	false	false	AnimalCommon	BorealForest ColdBog TemperateForest TemperateSwamp GlacialPlain	false	0.95	No	True	False	False	False	False	False	No
<li>GuineaPig</li>	No	None	None	25	2.5	0.2	1	5	40	No	No	Standard	1.0	0.95	No	No	No	No	No	No	No	No	No	No	False	2.0	0.85	Teeth	Incisors	Bite	No	No	No	No	No	No	0.15	0.15	0.25	6	6.5	0.20	0.10	3.80	true	false	VegetarianRoughAnimal	No	Leather_Light	QuadrupedAnimalWithPaws	0.000	0.000	0.5	24	8	None	false	No	0	No	false	false	No	No	25	0.25	3~8	false	false	AnimalCommon, AnimalPet	TropicalRainforest TropicalSwamp Glowforest	false	0.85	No	True	False	False	False	False	False	No
<li>Chinchilla</li>	No	None	None	50	3	0.4	1	5	40	No	No	Standard	1.0	0.95	No	No	No	No	No	No	No	No	No	No	False	2.0	0.85	Teeth	Incisors	Bite	No	No	No	No	No	No	0.15	0.15	0.25	15	7.5	0.30	0.15	2.00	true	false	VegetarianRoughAnimal	No	Leather_Chinchilla	QuadrupedAnimalWithPawsAndTail	0.000	0.000	No	36	8	None	false	No	0	No	false	false	No	No	30	0.25	5~15	false	false	AnimalCommon, AnimalFarm	TropicalRainforest TropicalSwamp Glowforest	false	0.9	No	True	False	False	False	False	False	No
<li>Capybara</li>	No	None	None	125	4.5	0.6	1	0	40	No	No	Standard	5.0	1.95	No	No	No	No	No	No	No	No	No	No	False	9.0	1.75	Teeth	Incisors	Bite	No	No	No	No	No	No	0.9	0.90	0.55	9	8.5	0.30	0.15	4.80	true	false	VegetarianRoughAnimal	No	Leather_Light	QuadrupedAnimalWithPaws	0.000	0.000	No	48	12	None	false	No	0	No	true	false	Comfort	1	65	0.60	5~15	false	false	AnimalUncommon	TropicalRainforest TropicalSwamp Glowforest	false	0.2	No	True	False	False	False	False	False	No
<li>Alphabeaver</li>	No	None	None	100	2	0.4	1	-30	35	No	No	Standard	4.0	1.80	No	No	No	No	No	No	No	No	No	No	False	8.0	1.60	Teeth	Incisors	Bite	No	No	No	No	No	No	0.75	0.75	0.50	12	8.0	0.30	0.15	3.00	true	false	DendrovoreAnimal	No	Leather_Light	QuadrupedAnimalWithPawsAndTail	0.050	0.100	No	48	12	None	false	No	0	1.4	true	false	Comfort	1	55	0.55	3~10	false	false	AnimalUncommon		false	0.25	No	True	False	False	False	False	False	No
<li>Boomrat</li>	No	None	None	75	3.5	0.5	1	-25	50	No	No	0.9	2.5	1.45	No	No	No	No	No	No	No	No	No	No	False	7.0	1.30	Teeth	Incisors	Bite	No	No	No	No	No	No	0.4	0.40	0.35	9	7.0	0.30	0.15	5.00	false	false	OmnivoreRoughAnimal, OvivoreAnimal	No	Leather_Light	QuadrupedAnimalWithPawsAndTail	0.050	0.100	No	36	12	None	false	No	0	No	false	false	No	No	50	0.35	No	true	false	AnimalUncommon, AnimalFighter	TemperateForest TemperateSwamp AridShrubland Desert ExtremeDesert TropicalRainforest TropicalSwamp Grasslands Glowforest LavaField Scarlands	false	0.15	0.25	True	False	False	False	False	False	Flesh
<li>Bison</li>	No	None	None	450	7.5	0.6	15	-50	45	No	No	Standard	13.0	2.90	17.0	2.90	FrontLeftLeg, FrontRightLeg	left hoof, right hoof	Blunt	24.5	2.30	HeadAttackTool	horn	Scratch	False	No	No	No	No	No	No	No	No	No	No	No	3	3.00	1.15	20	11.5	0.40	0.20	1.00	true	true	VegetarianRoughAnimal	4	Leather_Plain	QuadrupedAnimalWithHooves	0.025	0.050	No	No	12	None	false	No	0	No	false	false	No	No	185	1.50	5~15	false	true	AnimalCommon	BorealForest ColdBog TemperateForest TemperateSwamp Grasslands GlacialPlain	false	0.15	No	True	False	False	False	False	False	No
<li>Cow</li>	No	None	None	350	4	0	15	-20	35	No	No	Standard	13.5	2.95	17.5	2.95	FrontLeftLeg, FrontRightLeg	left hoof, right hoof	Blunt	17.0	2.35	HeadAttackTool	horn	Scratch	True	No	No	No	No	No	No	No	No	No	No	No	3	3.00	1.15	18	11.5	0.30	0.15	1.00	true	true	VegetarianRoughAnimal	12	Leather_Plain	QuadrupedAnimalWithHooves	0.000	0.000	0.5	No	12	None	false	No	0	No	false	false	No	No	160	1.50	3~10	false	false	AnimalCommon, AnimalFarm		false	0.15	No	True	False	False	False	False	False	No
<li>Muffalo</li>	No	None	None	375	7	0.55	13	-55	35	No	No	Standard	10.5	2.65	13.5	2.65	FrontLeftLeg, FrontRightLeg	left hoof, right hoof	Blunt	19.5	2.10	HeadAttackTool	horn	Scratch	False	No	No	No	No	No	No	No	No	No	No	No	2.5	2.50	1.05	15	10.5	0.40	0.20	1.00	true	true	VegetarianRoughAnimal	4	Leather_Bluefur	QuadrupedAnimalWithHooves	0.025	0.050	No	No	12	None	false	No	0	No	false	false	No	No	145	1.35	3~10	false	true	AnimalCommon	Tundra BorealForest ColdBog TemperateForest TemperateSwamp GlacialPlain	false	0.15	No	True	False	False	False	False	False	No
<li>Yak</li>	No	None	None	375	4	0.4	13	-45	35	No	No	Standard	10.5	2.60	13.5	2.60	FrontLeftLeg, FrontRightLeg	left hoof, right hoof	Blunt	19.5	2.10	HeadAttackTool	horn	Scratch	True	No	No	No	No	No	No	No	No	No	No	No	2.5	2.50	1.05	15	11.5	0.40	0.20	1.00	true	true	VegetarianRoughAnimal	8	Leather_Plain	QuadrupedAnimalWithHooves	0.000	0.000	No	No	12	None	false	No	0	No	false	false	No	No	140	1.35	3~10	false	true	AnimalCommon, AnimalFarm	Alpine	false	0.15	No	True	False	False	False	False	False	No
<li>Elk</li>	No	None	None	325	9.5	0.7	8	-45	35	No	No	Standard	7.5	2.30	10.0	2.30	FrontLeftLeg, FrontRightLeg	left hoof, right hoof	Blunt	14.5	1.85	HeadAttackTool	antler	Scratch	True	No	No	No	No	No	No	No	No	No	No	No	1.6	1.60	0.75	20	10.5	0.40	0.20	1.00	true	true	VegetarianRoughAnimal	2	Leather_Plain	QuadrupedAnimalWithHooves	0.000	0.000	No	No	12	None	false	No	0	No	false	false	No	No	100	0.90	3~10	false	false	AnimalUncommon	BorealForest ColdBog TemperateForest TemperateSwamp GlacialPlain	false	0.2	No	True	False	False	False	False	False	No
<li>Boomalope</li>	No	None	None	175	4	0.7	8	-35	50	No	No	0.9	7.5	2.30	10.0	2.30	FrontLeftLeg, FrontRightLeg	left hoof, right hoof	Blunt	No	No	No	No	No	False	No	No	No	No	No	No	No	No	No	No	No	1.5	1.50	0.75	12	9.5	0.40	0.20	1.00	true	true	VegetarianRoughAnimal	2	Leather_Plain	QuadrupedAnimalWithHoovesAndHump	0.050	0.100	No	No	12	None	false	No	0	No	false	false	No	No	75	0.90	2~6	true	false	AnimalUncommon, AnimalFighter	TemperateForest TemperateSwamp AridShrubland Desert TropicalRainforest TropicalSwamp Grasslands Glowforest LavaField Scarlands	false	0.1	0.2	True	False	False	False	False	False	No
<li>Toxalope</li>	Ludeon.RimWorld.Biotech	None	None	175	4	0.7	8	-15	35	No	No	1	7.5	2.30	10.0	2.30	FrontLeftLeg, FrontRightLeg	left hoof, right hoof	Blunt	No	No	No	No	No	False	No	No	No	No	No	No	No	No	No	No	No	1.5	1.50	0.75	12	9.5	0.40	0.20	1.00	true	true	VegetarianRoughAnimal	2	Leather_Plain	QuadrupedAnimalWithHoovesAndHump	0.050	0.100	No	No	12	None	false	No	0	No	false	false	No	No	75	0.90	2~6	true	false	AnimalUncommon, AnimalFighter		false	No	0.2	True	False	False	False	False	False	No
<li>Caribou</li>	No	None	None	275	10.5	0.45	7	-55	25	No	No	Standard	6.5	2.20	9.0	2.20	FrontLeftLeg, FrontRightLeg	left hoof, right hoof	Blunt	12.5	1.75	HeadAttackTool	antler	Scratch	False	No	No	No	No	No	No	No	No	No	No	No	1.3	1.30	0.65	12	10.5	0.30	0.15	1.00	true	true	VegetarianRoughAnimal	4	Leather_Plain	QuadrupedAnimalWithHooves	0.000	0.000	No	No	12	None	false	No	0	No	false	false	No	No	90	0.80	5~15	false	false	AnimalCommon, AnimalFarm	Tundra GlacialPlain	false	0.2	No	True	False	False	False	False	False	No
<li>Ibex</li>	No	None	None	150	6	0.6	6	-45	35	No	No	Standard	5.5	2.05	8.0	2.05	FrontLeftLeg, FrontRightLeg	left hoof, right hoof	Blunt	11.0	1.65	HeadAttackTool	horn	Blunt	False	No	No	No	No	No	No	No	No	No	No	No	1.1	1.10	0.60	12	9.0	0.40	0.20	1.10	true	true	VegetarianRoughAnimal	4	Leather_Plain	QuadrupedAnimalWithHooves	0.000	0.000	No	No	12	None	false	No	0	No	false	false	No	No	70	0.70	3~10	false	false	AnimalCommon	Alpine	false	0.2	No	True	False	False	False	False	False	No
<li>Goat</li>	No	None	None	175	4	0	5	-20	35	No	No	Standard	5.0	2.00	7.0	2.00	FrontLeftLeg, FrontRightLeg	left hoof, right hoof	Blunt	6.5	1.60	HeadAttackTool	horn	Scratch	True	No	No	No	No	No	No	No	No	No	No	No	0.95	0.95	0.55	12	8.5	0.30	0.15	1.50	true	true	VegetarianRoughAnimal	12	Leather_Plain	QuadrupedAnimalWithHooves	0.000	0.000	0.5	No	12	None	false	No	0	No	false	false	No	No	55	0.65	3~10	false	false	AnimalCommon, AnimalFarm		false	0.2	No	True	False	False	False	False	False	No
<li>Sheep</li>	No	None	None	150	4.5	0	5	-20	35	No	No	Standard	8.0	2.00	7.0	2.00	FrontLeftLeg, FrontRightLeg	left hoof, right hoof	Blunt	6.5	1.60	HeadAttackTool	horn	Blunt	True	No	No	No	No	No	No	No	No	No	No	No	0.95	0.95	0.55	12	8.5	0.30	0.15	1.60	true	true	VegetarianRoughAnimal	12	Leather_Plain	QuadrupedAnimalWithHooves	0.000	0.000	0.5	No	12	None	false	No	0	No	false	false	No	No	60	0.65	3~10	false	false	AnimalCommon, AnimalFarm		false	0.2	No	True	False	False	False	False	False	No
<li>Deer</li>	No	None	None	125	8	0.6	5	-40	35	No	No	Standard	5.0	1.95	7.0	1.95	FrontLeftLeg, FrontRightLeg	left hoof, right hoof	Blunt	9.5	1.55	HeadAttackTool	antler	Scratch	True	No	No	No	No	No	No	No	No	No	No	No	0.9	0.90	0.55	12	10.0	0.30	0.15	1.50	true	true	VegetarianRoughAnimal	4	Leather_Plain	QuadrupedAnimalWithHooves	0.000	0.000	No	No	12	None	false	No	0	No	false	false	No	No	65	0.60	3~10	false	false	AnimalCommon	BorealForest ColdBog TemperateForest TemperateSwamp GlacialPlain	false	0.2	No	True	False	False	False	False	False	No
<li>Gazelle</li>	No	None	None	100	10.5	0.5	3	-20	50	No	No	Standard	3.5	1.70	5.0	1.70	FrontLeftLeg, FrontRightLeg	left hoof, right hoof	Blunt	7.0	1.35	HeadAttackTool	horn	Scratch	False	No	No	No	No	No	No	No	No	No	No	No	0.6	0.60	0.40	9	9.0	0.30	0.15	1.00	true	true	VegetarianRoughAnimal	4	Leather_Plain	QuadrupedAnimalWithHooves	0.000	0.000	No	No	12	None	false	No	0	No	false	false	No	No	60	0.45	5~15	false	false	AnimalCommon	AridShrubland Desert Grasslands LavaField	false	0.25	No	True	False	False	False	False	False	No
<li>Warg</li>	No	None	None	750	7	0.5	2	-35	35	No	No	0.8	8.5	2.40	No	No	No	No	No	No	No	No	No	No	False	24.0	1.90	Teeth	canines	Bite	No	No	No	No	No	22	1.8	2.15	0.85	9	6.5	0.40	0.20	4.00	false	false	CarnivoreAnimal, OvivoreAnimal	No	Leather_Wolf	QuadrupedAnimalWithPawsAndTail	0.300	1.000	No	No	12	Advanced	true	3.5	1	No	false	false	AttackTarget	No	215	1.05	No	true	false	AnimalCommon, AnimalFighter	TemperateForest TemperateSwamp Scarlands	false	0.05	0.05	True	False	False	False	False	False	No
<li>Wolf_Timber</li>	No	ThingBaseWolf	AnimalKindBaseWolf	500	8.5	0.7	1	-40	35	No	No	Standard	4.5	1.90	No	No	No	No	No	No	No	No	No	No	False	13.5	1.55	Teeth	canines	Bite	No	No	No	No	No	16	0.85	1.00	0.50	15	6.5	0.40	0.20	6.00	true	false	CarnivoreAnimal, OvivoreAnimal	No	Leather_Wolf	QuadrupedAnimalWithPawsAndTail	0.100	0.300	No	48	12	Advanced	true	2.25	1	No	false	false	AttackTarget	No	105	0.55	2~6	true	false	AnimalUncommon, AnimalFighter	BorealForest ColdBog TemperateForest TemperateSwamp GlacialPlain	false	0.05	No	True	False	False	False	False	False	No
<li>Wolf_Arctic</li> 	No	ThingBaseWolf	AnimalKindBaseWolf	500	8.5	0.7	1	-50	25	No	No	Standard	4.5	1.90	No	No	No	No	No	No	No	No	No	No	False	13.5	1.55	Teeth	canines	Bite	No	No	No	No	No	16	0.85	1.00	0.50	15	6.5	0.40	0.20	6.00	true	false	CarnivoreAnimal, OvivoreAnimal	No	Leather_Wolf	QuadrupedAnimalWithPawsAndTail	0.100	0.300	No	48	12	Advanced	true	2.25	1	No	false	false	AttackTarget	No	105	0.55	2~6	true	false	AnimalUncommon, AnimalFighter	Tundra	false	0.05	No	True	False	False	False	False	False	No
<li>Fox_Red</li>	No	ThingBaseFox	AnimalKindBaseFox	150	5.5	0.6	1	-35	35	No	No	Standard	2.5	1.35	No	No	No	No	No	No	No	No	No	No	False	6.0	1.10	Teeth	canines	Bite	No	No	No	No	No	14	0.35	0.40	0.30	12	6.0	0.30	0.15	5.00	false	false	CarnivoreAnimal, OvivoreAnimal	No	Leather_Fox	QuadrupedAnimalWithPawsAndTail	0.025	0.000	No	36	12	Advanced	true	0.35	1	No	false	false	No	No	50	0.30	No	true	false	AnimalCommon	BorealForest ColdBog TemperateForest TemperateSwamp GlacialPlain	false	0.1	No	True	False	False	False	False	False	No
<li>Fox_Arctic</li> 	No	ThingBaseFox	AnimalKindBaseFox	125	5.5	0.55	1	-55	25	No	No	Standard	2.0	1.25	No	No	No	No	No	No	No	No	No	No	False	4.5	1.00	Teeth	canines	Bite	No	No	No	No	No	14	0.25	0.30	0.25	9	6.0	0.30	0.15	9.00	false	false	CarnivoreAnimal, OvivoreAnimal	No	Leather_Fox	QuadrupedAnimalWithPawsAndTail	0.025	0.000	No	36	12	Advanced	true	0.25	1	No	false	false	Comfort	No	45	0.25	No	true	false	AnimalCommon	SeaIce IceSheet Tundra	false	0.1	No	True	False	False	False	False	False	No
<li>Fox_Fennec</li> 	No	ThingBaseFox	AnimalKindBaseFox	100	5.5	0.55	1	-15	50	No	No	Standard	1.5	1.15	No	No	No	No	No	No	No	No	No	No	False	4.0	0.90	Teeth	canines	Bite	No	No	No	No	No	14	0.2	0.25	0.25	9	6.0	0.30	0.15	2.20	false	false	CarnivoreAnimal, OvivoreAnimal	No	Leather_Fox	QuadrupedAnimalWithPawsAndTail	0.025	0.000	No	36	12	Advanced	true	0.2	1	No	false	false	Comfort	No	40	0.25	No	true	false	AnimalCommon	AridShrubland Desert ExtremeDesert LavaField	false	0.1	No	True	False	False	False	False	False	No
<li>Human</li>	No	None	None	350	4	0	1	-5	35	No	No	Standard	5.5	2.00	No	No	No	No	No	No	No	No	No	No	False	13.0	1.80	Teeth	teeth	Bite	8.5	1.40	LeftHand, RightHand	left fist, right fist	Blunt	No	1	1.00	1.15	70	11.5	2.20	1.10	1.00	false	false	OmnivoreHuman	No	Leather_Human	Human	0.000	0.100	No	No	12	Advanced	false	No	1	No	false	false	Forage, AttackTarget	No	85	1.10	No	false	false	AnimalCommon, AnimalFighter		false	0.2	No	True	False	False	False	False	False	No
<li>WasteRat</li>	Ludeon.RimWorld.Biotech	None	None	150	3.5	0.5	1	-5	35	No	No	Standard	2.5	1.45	No	No	No	No	No	No	No	No	No	No	False	7.0	1.30	Teeth	Incisors	ToxicBite	No	No	No	No	No	No	0.4	0.40	0.35	6	7.0	0.30	0.15	8.00	true	false	OmnivoreRoughAnimal, OvivoreAnimal	No	Leather_Light	QuadrupedAnimalWithPawsAndTail	0.050	0.100	No	36	12	Intermediate	false	No	1	No	false	false	No	No	50	0.35	1~6	true	false	AnimalUncommon		false	0.3	No	True	False	False	False	False	False	Flesh
<li>Chimera</li>	Ludeon.RimWorld.Anomaly	None	None	1300	9	1	3	-20	35	No	No	Standard	13.0	2.90	No	No	No	No	No	No	No	No	No	No	False	32.0	2.45	Teeth	canines	Bite	20.5	1.75	FrontRightPaw, FrontRightPaw	left claw, right claw	Scratch	20	3	3.60	1.15	Immortal	Cannot breed	Unknown	Unknown	Cannot breed	false	false	CarnivoreAnimal, OvivoreAnimal	No	No	QuadrupedAnimalWithPaws	1.000	1.000	No	No	12	Advanced	true	4	1	No	false	true	AttackTarget	No	345	1.50	No	false	false	AnimalExotic, AnimalFighter		false	0.05	No	True	False	False	False	False	False	No
<li>Devourer</li>	Ludeon.RimWorld.Anomaly	None	None	1375	12	1	5	5	35	No	No	Standard	24.5	3.85	No	No	No	No	No	No	No	No	No	No	False	57.5	3.45	Teeth	teeth	Bite	No	No	No	No	No	No	4.5	8.10	0.75	Immortal	Cannot breed	Unknown	Unknown	Cannot breed	false	false	CarnivoreAnimal, OvivoreAnimal	No	No	QuadrupedAnimalWithPaws	1.000	1.000	No	No	12	None	true	1	0	No	false	false	No	No	865	1.50	No	false	false	AnimalExotic		false	0.1	No	False	True	False	False	False	False	No
<li>Panda</li>	Ludeon.RimWorld.Odyssey	None	BearBase	575	5	0.65	2	-35	35	No	No	Standard	6.5	2.15	No	No	No	No	No	No	No	No	No	No	False	17.5	1.85	Teeth	canines	Bite	10.5	1.30	FrontRightPaw, FrontRightPaw	left claw, right claw	Scratch	No	1.3	1.55	0.65	20	6.0	1.00	0.50	1.50	false	false	VegetarianRoughAnimal	No	Leather_Bear	QuadrupedAnimalWithPaws	0.025	0.050	No	60	12	Advanced	false	No	1	No	false	false	AttackTarget	No	135	0.80	No	false	false	AnimalUncommon, AnimalFighter	TemperateForest TemperateSwamp	false	0.2	No	True	False	False	False	False	False	No
<li>Sparrow</li>	Ludeon.RimWorld.Odyssey	SmallBirdThingBase	None	100	2	0.4	1	-45	50	No	No	0.8	0.5	0.55	0.5	1.00	Feet	rear left claw, rear  right claw	Scratch	No	No	No	No	No	False	0.5	0.50	Beak	beak	Blunt	No	No	No	No	No	No	0.05	0.05	0.25	12	Lay eggs	0.20	0.10	Lay eggs	true	false	VegetarianRoughAnimal	No	No	Bird	0.000	0.000	No	No	12	None	false	No	0	No	false	false	No	No	20	0.20	3~8	false	false	AnimalCommon	Tundra BorealForest ColdBog TemperateForest TemperateSwamp AridShrubland Desert TropicalRainforest TropicalSwamp Grasslands LavaField GlacialPlain Scarlands	false	1	0.8	False	False	False	False	False	False	No
<li>Bluebird</li>	Ludeon.RimWorld.Odyssey	SmallBirdThingBase	None	100	2	0.6	1	-35	35	No	No	Standard	0.5	0.60	0.5	1.00	Feet	rear left claw, rear  right claw	Scratch	No	No	No	No	No	False	1.0	0.50	Beak	beak	Blunt	No	No	No	No	No	No	0.05	0.05	0.25	6	Lay eggs	0.30	0.15	Lay eggs	false	false	VegetarianRoughAnimal	No	No	Bird	0.000	0.000	No	No	12	None	false	No	0	No	false	false	No	No	20	0.20	No	false	false	AnimalCommon	BorealForest ColdBog TemperateForest TemperateSwamp GlacialPlain	false	1	No	False	False	False	False	False	False	No
<li>Crow</li>	Ludeon.RimWorld.Odyssey	SmallBirdThingBase	None	125	2	0.4	1	-45	50	No	No	0.8	1.0	0.90	1.5	1.00	Feet	rear left claw, rear  right claw	Scratch	No	No	No	No	No	False	1.5	0.80	Beak	beak	Blunt	No	No	No	No	No	No	0.1	0.10	0.25	12	Lay eggs	0.40	0.20	Lay eggs	true	false	OmnivoreRoughAnimal, OvivoreAnimal	No	No	Bird	0.000	0.000	No	No	12	Advanced	false	No	1	No	false	false	AttackTarget	No	25	0.20	3~8	true	false	AnimalCommon	Tundra BorealForest ColdBog TemperateForest TemperateSwamp AridShrubland Desert TropicalRainforest TropicalSwamp Grasslands Glowforest LavaField GlacialPlain Scarlands	false	1	0.8	False	False	False	False	False	False	Flesh
<li>Macaw</li>	Ludeon.RimWorld.Odyssey	SmallBirdThingBase	None	125	2	0.4	1	5	40	No	No	Standard	1.5	1.00	2.0	1.00	Feet	rear left claw, rear  right claw	Scratch	No	No	No	No	No	False	2.5	0.90	Beak	beak	Blunt	No	No	No	No	No	No	0.15	0.15	0.30	20	Lay eggs	0.40	0.20	Lay eggs	true	false	VegetarianRoughAnimal	No	No	Bird	0.000	0.000	No	No	12	Advanced	false	No	1	No	false	false	No	No	25	0.25	3~8	true	false	AnimalCommon	TropicalRainforest TropicalSwamp	false	0.75	No	False	False	False	False	False	False	No
<li>Quail</li>	Ludeon.RimWorld.Odyssey	SmallBirdThingBase	None	100	2	0.6	2	-25	50	No	No	Standard	1.0	0.70	1.0	1.00	Feet	rear left claw, rear  right claw	Scratch	No	No	No	No	No	False	1.0	0.60	Beak	beak	Blunt	No	No	No	No	No	No	0.1	0.10	0.25	8	Lay eggs	0.30	0.15	Lay eggs	true	false	VegetarianRoughAnimal	4	No	Bird	0.000	0.000	No	No	12	None	false	No	0	No	false	false	No	No	20	0.20	3~8	false	false	AnimalCommon	TemperateForest TemperateSwamp AridShrubland Grasslands LavaField	false	1	No	False	False	False	False	False	False	No
<li>Swan</li>	Ludeon.RimWorld.Odyssey	BigBirdThingBase	BigBirdKindBase	150	1.5	0.7	5	-35	35	No	No	Standard	2.5	1.45	No	No	No	No	No	No	No	No	No	No	False	2.5	1.30	Beak	beak	Blunt	No	No	No	No	No	No	0.4	0.40	0.40	25	Lay eggs	0.40	0.20	Lay eggs	false	false	VegetarianRoughAnimal	2	No	Bird	0.000	0.000	No	No	12	None	false	No	0	No	true	false	No	1	30	0.40	No	false	false	AnimalUncommon	ColdBog TemperateSwamp	false	0.35	No	False	False	False	False	False	False	No
<li>Heron</li>	Ludeon.RimWorld.Odyssey	BigBirdThingBase	BigBirdKindBase	125	1.5	0.65	3	-35	40	No	No	Standard	1.5	1.05	No	No	No	No	No	No	No	No	No	No	False	3.5	0.95	Beak	beak	Bite	No	No	No	No	No	No	0.2	0.20	0.30	20	Lay eggs	0.40	0.20	Lay eggs	false	false	CarnivoreAnimal, OvivoreAnimal	No	No	Bird	0.000	0.000	No	No	12	None	false	No	0	No	true	true	No	1	30	0.30	No	false	false	AnimalUncommon	ColdBog TemperateSwamp TropicalSwamp Glowforest	false	0.15	No	False	False	False	False	False	False	No
<li>Flamingo</li>	Ludeon.RimWorld.Odyssey	BigBirdThingBase	BigBirdKindBase	125	1.5	0.65	3	5	40	No	No	Standard	2.0	1.20	No	No	No	No	No	No	No	No	No	No	False	2.0	1.10	Beak	beak	Blunt	No	No	No	No	No	12	0.25	0.25	0.35	35	Lay eggs	0.80	0.40	Lay eggs	true	false	OmnivoreRoughAnimal, OvivoreAnimal	2	No	Bird	0.000	0.000	No	No	12	None	false	No	0	No	true	true	No	1	25	0.35	5~15	false	false	AnimalUncommon	TropicalSwamp	false	0.45	No	False	False	False	False	False	False	No
<li>Penguin</li>	Ludeon.RimWorld.Odyssey	BigBirdThingBase	BigBirdKindBase	200	1.5	0.8	8	-60	25	No	No	Standard	4.0	1.80	No	No	No	No	No	No	No	No	No	No	False	10.0	1.60	Beak	beak	Bite	No	No	No	No	No	No	0.7	0.70	0.55	25	Lay eggs	0.80	0.40	Lay eggs	true	false	CarnivoreAnimal, OvivoreAnimal	2	No	Bird	0.025	0.050	No	No	12	None	false	No	0	2	true	true	No	1	60	0.60	5~15	false	false	AnimalUncommon	SeaIce IceSheet Tundra	true	0.05	No	False	False	False	False	False	False	No
<li>Peacock</li>	Ludeon.RimWorld.Odyssey	BigBirdThingBase	BigBirdKindBase	125	2	0.45	4	5	40	No	No	Standard	2.0	1.25	3.0	1.25	Feet	rear left claw, rear  right claw	Scratch	No	No	No	No	No	False	2.0	1.15	Beak	beak	Blunt	No	No	No	No	No	No	0.3	0.30	0.35	12	Lay eggs	0.40	0.20	Lay eggs	true	false	VegetarianRoughAnimal	4	No	Bird	0.000	0.000	No	No	12	None	false	No	0	No	false	false	No	No	30	0.35	2~6	false	false	AnimalCommon	TropicalRainforest TropicalSwamp Glowforest	false	0.4	No	False	False	False	False	False	False	No
<li>Vulture</li>	Ludeon.RimWorld.Odyssey	BigBirdThingBase	BigBirdKindBase	175	2	0.7	4	-15	50	No	No	0.8	2.0	1.30	3.5	1.30	Feet	rear left claw, rear  right claw	Scratch	No	No	No	No	No	False	5.5	1.20	Beak	beak	Bite	No	No	No	No	No	12	0.3	0.30	0.35	12	Lay eggs	1.00	0.50	Lay eggs	false	false	CarnivoreAnimal, OvivoreAnimal	No	No	Bird	0.000	0.000	No	No	12	Intermediate	false	No	1	No	false	false	No	No	35	0.35	No	true	false	AnimalUncommon	AridShrubland Desert ExtremeDesert Grasslands LavaField	false	0.1	0.1	False	False	False	False	False	False	Flesh
<li>Tiger</li>	Ludeon.RimWorld.Odyssey	BigCatThingBase	BigCatKindBase	825	7.5	0.9	2	-30	40	No	No	Standard	8.0	2.35	No	No	No	No	No	No	No	No	No	No	False	21.5	1.65	Teeth	canines	Bite	12.5	1.20	FrontRightPaw, FrontRightPaw	left claw, right claw	Scratch	24	1.7	2.05	0.80	15	7.5	0.60	0.30	2.50	false	false	CarnivoreAnimal, OvivoreAnimal	No	Leather_Panthera	QuadrupedAnimalWithPawsAndTail	0.100	0.300	No	No	12	Intermediate	true	3.5	1	No	false	false	AttackTarget	No	205	1.00	No	true	false	AnimalUncommon, AnimalFighter	TropicalRainforest TropicalSwamp Glowforest	false	0.05	No	True	False	False	False	False	False	No
<li>Cat_Scimitar</li>	Ludeon.RimWorld.Odyssey	BigCatThingBase	BigCatKindBase	900	7	0.9	2	-15	35	No	No	Standard	8.5	2.45	No	No	No	No	No	No	No	No	No	No	False	22.5	1.70	Teeth	canines	Bite	13.5	1.20	FrontRightPaw, FrontRightPaw	left claw, right claw	Scratch	24	1.9	2.30	0.85	15	7.5	0.60	0.30	2.50	true	false	CarnivoreAnimal, OvivoreAnimal	No	Leather_Panthera	QuadrupedAnimalWithPawsAndTail	0.100	0.300	No	No	12	Intermediate	true	4	1	No	false	false	AttackTarget	No	230	1.05	1~3	true	false	AnimalUncommon, AnimalFighter	GlacialPlain	false	0.05	No	True	False	False	False	False	False	No
<li>Bullfrog</li>	Ludeon.RimWorld.Odyssey	None	None	100	1.5	0.6	1	-5	40	No	No	Standard	1.0	0.90	No	No	No	No	No	No	No	No	No	No	False	2.0	0.80	Teeth	teeth	Bite	No	No	No	No	No	No	0.1	0.10	0.05	9	6.0	0.60	0.30	9.00	false	false	CarnivoreAnimal, OvivoreAnimal	4	No	QuadrupedAnimalWithPaws	0.000	0.000	No	No	12	None	false	No	0	No	true	true	No	1	25	0.05	No	false	false	AnimalCommon	TemperateSwamp TropicalSwamp Glowforest	false	1	No	False	True	False	False	False	False	No
<li>ColossusToad</li>	Ludeon.RimWorld.Odyssey	None	None	225	2.5	0.6	1	15	40	No	No	Standard	5.0	1.95	No	No	No	No	No	No	No	No	No	No	False	12.5	1.75	Teeth	teeth	Bite	No	No	No	No	No	No	0.9	1.10	0.15	15	7.5	0.80	0.40	10.00	false	false	CarnivoreAnimal, OvivoreAnimal	4	No	QuadrupedAnimalWithPaws	0.000	0.000	No	No	12	None	true	0.25	0	No	true	true	No	1	85	0.30	No	false	false	AnimalCommon, AnimalFarm	TropicalSwamp Glowforest	false	0.2	No	False	True	False	False	False	False	No
<li>Hippo</li>	Ludeon.RimWorld.Odyssey	None	None	750	3	0.9	19	-10	40	No	No	Standard	17.0	3.30	No	No	No	No	No	No	No	No	No	No	False	30.5	2.30	Teeth	teeth	Bite	No	No	No	No	No	No	3.75	4.70	2.20	35	10.5	0.60	0.30	1.00	true	false	VegetarianRoughAnimal	2	Leather_Hippo	QuadrupedAnimalWithHooves	0.100	0.300	No	No	12	None	false	No	0	No	true	false	No	1	410	2.50	5~15	false	false	AnimalUncommon	TropicalSwamp Glowforest	false	0.15	No	True	False	False	False	False	False	No
<li>Mastodon</li>	Ludeon.RimWorld.Odyssey	None	None	2325	3.5	0.95	28	-25	35	No	No	Standard	31.5	4.20	38.0	3.80	FrontLeftLeg, FrontRightLeg	left foot, right foot	Blunt	59.5	2.95	TuskAttackTool	tusk	Scratch	False	No	No	No	No	No	No	No	No	No	No	No	5.5	8.25	2.85	35	20.0	1.80	0.90	1.00	true	true	VegetarianRoughAnimal	No	Leather_Mastodon	QuadrupedAnimalWithHoovesTusksAndTrunk	0.025	0.300	No	No	12	Advanced	false	No	1	No	false	false	WarTrumpet	No	675	3.40	3~10	true	true	AnimalExotic, AnimalFighter	GlacialPlain	false	0.1	No	True	False	False	False	False	False	No
<li>AlphaThrumbo</li>	Ludeon.RimWorld.Odyssey	None	None	2875	4.5	0.99	28	-75	35	0.75	0.60	Standard	32.5	4.25	39.0	3.85	FrontLeftLeg, FrontRightLeg	left foot, right foot	Blunt	61.5	2.55	HeadAttackTool	horn	Cut	False	No	No	No	No	No	No	No	No	No	No	No	5.5	9.90	2.85	220	20.0	2.00	1.00	1.00	false	false	DendrovoreAnimal	No	Leather_AlphaThrumbo	QuadrupedAnimalWithHoovesAndHorn	0.000	1.000	No	No	12	Advanced	false	No	1	No	false	false	TerrorRoar	No	930	3.40	No	false	false	AnimalExotic		false	0.1	No	True	False	True	False	True	False	No
<li>Armadillo</li>	Ludeon.RimWorld.Odyssey	None	None	75	3	0.7	1	-15	50	0.15	No	Standard	2.0	1.25	No	No	No	No	No	No	No	No	No	No	False	5.5	1.10	Teeth	teeth	Bite	3.0	0.90	FrontRightPaw, FrontRightPaw	left claw, right claw	Scratch	No	0.3	0.30	0.30	12	8.0	0.30	0.15	4.00	false	false	OmnivoreAnimal, OvivoreAnimal	No	Leather_Armadillo	QuadrupedAnimalWithPawsAndTail	0.000	0.000	No	No	12	None	false	No	0	No	false	false	No	No	45	0.30	No	true	false	AnimalUncommon	AridShrubland Desert ExtremeDesert TropicalRainforest TropicalSwamp Grasslands Glowforest LavaField	false	0.4	No	True	False	False	False	False	False	No
<li>Wolverine</li>	Ludeon.RimWorld.Odyssey	None	None	200	4	0.75	1	-50	30	No	No	Standard	3.5	1.65	No	No	No	No	No	No	No	No	No	No	False	9.5	1.20	Teeth	canines	Bite	5.5	0.80	FrontRightPaw, FrontRightPaw	left claw, right claw	Scratch	18	0.55	0.65	0.40	12	5.5	0.40	0.20	3.00	false	false	CarnivoreAnimal, OvivoreAnimal	No	Leather_Light	QuadrupedAnimalWithPawsAndTail	0.100	0.300	No	No	12	Intermediate	true	1.5	1	No	false	false	No	No	70	0.45	No	true	false	AnimalUncommon, AnimalFighter	Tundra BorealForest ColdBog GlacialPlain	false	0.05	No	True	False	False	False	False	False	Bone
<li>Mink</li>	Ludeon.RimWorld.Odyssey	None	None	100	2.5	0.5	1	-35	35	No	No	Standard	1.5	1.00	No	No	No	No	No	No	No	No	No	No	False	3.5	0.75	Teeth	canines	Bite	2.0	0.50	FrontRightPaw, FrontRightPaw	left claw, right claw	Scratch	16	0.15	0.20	0.25	6	6.0	0.30	0.15	4.50	false	false	CarnivoreAnimal, OvivoreAnimal	No	Leather_Mink	QuadrupedAnimalWithPawsAndTail	0.025	0.000	No	36	12	Intermediate	true	0.4	1	No	false	true	Comfort	10	35	0.25	No	true	false	AnimalCommon, AnimalFarm	BorealForest ColdBog TemperateForest TemperateSwamp GlacialPlain	false	0.15	No	True	False	False	False	False	False	No
<li>Badger</li>	Ludeon.RimWorld.Odyssey	None	None	150	3.5	0.6	1	-35	35	No	No	Standard	3.0	1.55	No	No	No	No	No	No	No	No	No	No	False	7.5	1.30	Teeth	canines	Bite	4.5	0.90	FrontRightPaw, FrontRightPaw	left claw, right claw	Scratch	18	0.45	0.55	0.35	12	6.0	0.30	0.15	3.00	false	false	OmnivoreAnimal, OvivoreAnimal	No	Leather_Light	QuadrupedAnimalWithPaws	0.000	0.000	No	36	12	Intermediate	false	No	1	No	false	false	Forage, Comfort	No	55	0.35	No	true	false	AnimalCommon	BorealForest ColdBog TemperateForest TemperateSwamp GlacialPlain	false	0.3	No	True	False	False	False	False	False	No
<li>Otter</li>	Ludeon.RimWorld.Odyssey	None	None	175	3.5	0.6	1	-35	35	No	No	Standard	3.0	1.50	No	No	No	No	No	No	No	No	No	No	False	7.5	1.10	Teeth	canines	Bite	4.5	0.75	FrontRightPaw, FrontRightPaw	left claw, right claw	Scratch	18	0.45	0.55	0.35	9	6.5	0.30	0.15	2.00	false	false	CarnivoreAnimal, OvivoreAnimal	No	Leather_Light	QuadrupedAnimalWithPawsAndTail	0.100	0.300	No	36	12	Intermediate	true	0.5	1	1	true	true	No	1	60	0.35	No	true	false	AnimalCommon	ColdBog TemperateSwamp	false	0.1	No	True	False	False	False	False	False	No
<li>SeaLion</li>	Ludeon.RimWorld.Odyssey	None	None	750	3	0.75	2	-65	35	No	No	Standard	9.0	2.45	No	No	No	No	No	No	No	No	No	No	False	21.5	2.45	Teeth	teeth	Bite	No	No	No	No	No	16	2	2.40	0.90	20	11.0	0.40	0.20	1.20	true	false	CarnivoreAnimal, OvivoreAnimal	No	Leather_Sealskin	Pinniped	0.025	0.300	No	No	12	Advanced	true	0.5	1	1.9	true	true	No	1	175	1.10	5~15	false	false	AnimalUncommon, AnimalFighter	SeaIce IceSheet Tundra BorealForest ColdBog TemperateForest TemperateSwamp GlacialPlain	true	0.15	No	True	False	False	False	False	False	No
<li>Seal</li>	Ludeon.RimWorld.Odyssey	None	None	525	2.5	0.65	2	-65	35	No	No	Standard	6.0	2.15	No	No	No	No	No	No	No	No	No	No	False	15.5	2.15	Teeth	teeth	Bite	No	No	No	No	No	12	1.25	1.50	0.65	25	11.0	0.40	0.20	1.00	true	false	CarnivoreAnimal, OvivoreAnimal	No	Leather_Sealskin	Pinniped	0.025	0.300	No	60	12	Advanced	true	0.5	1	2.2	true	true	No	1	105	0.75	5~15	false	false	AnimalUncommon, AnimalFighter	SeaIce IceSheet Tundra BorealForest ColdBog TemperateForest TemperateSwamp GlacialPlain	true	0.2	No	True	False	False	False	False	False	No
<li>Walrus</li>	Ludeon.RimWorld.Odyssey	None	None	1025	1.5	0.85	4	-70	25	No	No	Standard	14.5	3.05	No	No	No	No	No	27.5	2.40	TuskAttackTool	tusk	Scratch	False	No	No	No	No	No	No	No	No	No	No	22	3.25	3.90	1.25	25	12.5	0.80	0.40	1.00	true	false	CarnivoreAnimal, OvivoreAnimal	No	Leather_Sealskin	PinnipedWithTusks	0.025	0.300	No	No	12	Advanced	true	0.5	1	2.4	true	true	No	1	245	1.65	5~15	false	false	AnimalUncommon, AnimalFighter	SeaIce IceSheet Tundra	true	0.15	No	True	False	False	False	False	False	No
<li>Gorilla</li>	Ludeon.RimWorld.Odyssey	None	None	625	4	0.85	2	0	40	No	No	Standard	7.5	2.30	No	No	No	No	No	No	No	No	No	No	False	18.5	1.95	Teeth	canines	Bite	11.5	1.35	LeftHand, RightHand	left fist, right fist	Blunt	No	1.5	1.50	0.75	35	11.0	1.20	0.60	1.00	true	false	VegetarianRoughAnimal	No	Leather_Light	Ape	0.050	0.100	No	No	12	Advanced	false	No	1	No	false	false	AttackTarget	No	130	0.90	3~10	true	false	AnimalUncommon, AnimalFighter	TropicalRainforest TropicalSwamp Glowforest	false	0.2	No	True	False	False	False	False	False	No
<li>MonitorLizard</li>	Ludeon.RimWorld.Odyssey	None	None	575	2.5	0.75	2	15	50	No	No	Standard	5.5	2.05	No	No	No	No	No	No	No	No	No	No	False	15.0	1.85	Teeth	teeth	ToxicBite	9.0	1.45	FrontLeftClaws, FrontRightClaws	left claw, right claw	Scratch	16	1.05	1.25	0.15	35	Lay eggs	0.80	0.40	Lay eggs	false	false	CarnivoreAnimal, OvivoreAnimal	No	Leather_Lizard	QuadrupedAnimalWithClawsTailAndJowl	0.100	0.300	No	No	12	Intermediate	true	1.5	1	No	false	false	No	No	95	0.35	No	false	false	AnimalUncommon, AnimalFighter	AridShrubland Grasslands LavaField	false	0.2	No	False	True	False	False	False	False	No
<li>Alligator</li>	Ludeon.RimWorld.Odyssey	None	None	750	1.5	0.75	2	-5	40	0.10	0.05	Standard	7.5	2.30	No	No	No	No	No	No	No	No	No	No	False	21.5	2.30	Teeth	teeth	Bite	No	No	No	No	No	18	1.6	1.90	0.20	45	Lay eggs	2.00	1.00	Lay eggs	false	false	CarnivoreAnimal, OvivoreAnimal	No	Leather_Lizard	QuadrupedAnimalWithClawsTailAndJowl	0.100	0.300	No	No	12	None	true	1.5	0	2.8	true	true	No	1	155	0.50	No	false	false	AnimalUncommon	TemperateSwamp TropicalSwamp Glowforest	false	0.2	No	False	True	False	False	False	False	Bone
<li>SeaTurtle</li>	Ludeon.RimWorld.Odyssey	None	None	350	0.5	0.9	2	5	50	0.55	0.10	Standard	8.0	2.35	No	No	No	No	No	No	No	No	No	No	False	13.5	2.35	TurtleBeakAttackTool	beak	Bite	No	No	No	No	No	No	1.7	1.70	0.20	45	Lay eggs	1.60	0.80	Lay eggs	false	false	VegetarianRoughAnimal	2	Leather_Lizard	TurtleLike	0.000	0.000	No	No	12	None	false	No	0	5.6	true	false	No	1	115	0.50	No	false	false	AnimalUncommon	AridShrubland Desert TropicalRainforest TropicalSwamp Grasslands Glowforest LavaField	true	0.15	No	False	True	False	False	False	False	No
<li>PrairieDog</li>	Ludeon.RimWorld.Odyssey	None	None	50	2.5	0.4	1	5	45	No	No	Standard	1.5	1.05	No	No	No	No	No	No	No	No	No	No	False	2.5	0.95	Teeth	Incisors	Bite	No	No	No	No	No	No	0.15	0.15	0.25	9	5.5	0.40	0.20	4.00	true	false	VegetarianRoughAnimal	No	Leather_Light	QuadrupedAnimalWithPawsAndTail	0.000	0.000	No	36	8	None	false	No	0	No	false	false	No	No	30	0.25	5~15	false	false	AnimalCommon	Grasslands	false	0.65	No	True	False	False	False	False	False	No
<li>Porcupine</li>	Ludeon.RimWorld.Odyssey	None	None	75	2	0.5	1	-40	35	No	No	Standard	3.0	1.55	No	No	No	No	No	No	No	No	No	No	False	5.5	1.40	Teeth	Incisors	Bite	No	No	No	No	No	No	0.5	0.50	0.40	12	10.0	0.40	0.20	1.00	false	false	VegetarianRoughAnimal	No	Leather_Light	QuadrupedAnimalWithPawsAndTail	0.050	0.100	No	48	12	None	false	No	0	No	false	false	No	No	40	0.40	No	false	false	AnimalUncommon	BorealForest ColdBog TemperateForest TemperateSwamp GlacialPlain	false	0.3	No	True	False	False	False	False	False	No
<li>Megavole</li>	Ludeon.RimWorld.Odyssey	None	None	150	4.5	0.6	1	-10	35	No	No	Standard	5.0	1.95	No	No	No	No	No	No	No	No	No	No	False	9.0	1.75	Teeth	Incisors	Bite	No	No	No	No	No	No	0.95	0.95	0.55	15	8.5	0.40	0.20	5.00	false	false	VegetarianRoughAnimal	No	Leather_Light	QuadrupedAnimalWithPaws	0.050	0.100	No	60	12	None	false	No	0	No	false	false	Dig	No	70	0.65	No	false	false	AnimalUncommon	Glowforest	false	0.2	No	True	False	False	False	False	False	No
<li>Moose</li>	Ludeon.RimWorld.Odyssey	None	None	350	7.5	0.8	13	-55	35	No	No	Standard	10.5	2.65	14.0	2.65	FrontLeftLeg, FrontRightLeg	left hoof, right hoof	Blunt	20.0	2.10	HeadAttackTool	antler	Scratch	False	No	No	No	No	No	No	No	No	No	No	No	2.5	2.50	1.05	15	10.5	0.40	0.20	1.30	false	false	VegetarianRoughAnimal	2	Leather_Plain	QuadrupedAnimalWithHooves	0.025	0.050	No	No	12	None	false	No	0	No	false	false	No	No	150	1.35	No	false	false	AnimalUncommon	Tundra BorealForest ColdBog TemperateForest TemperateSwamp GlacialPlain	false	0.15	No	True	False	False	False	False	False	No
<li>Muskox</li>	Ludeon.RimWorld.Odyssey	None	None	400	7	0.8	12	-55	25	No	No	Standard	15.0	2.60	13.0	2.60	FrontLeftLeg, FrontRightLeg	left hoof, right hoof	Blunt	19.0	2.05	HeadAttackTool	horn	Blunt	False	No	No	No	No	No	No	No	No	No	No	No	2.25	2.25	0.95	15	11.0	0.40	0.20	1.00	true	true	VegetarianRoughAnimal	2	Leather_Plain	QuadrupedAnimalWithHooves	0.025	0.050	No	No	12	None	false	No	0	No	false	false	No	No	140	1.20	3~10	false	false	AnimalUncommon	Tundra GlacialPlain	false	0.15	No	True	False	False	False	False	False	No
<li>LavaSnail</li>	Ludeon.RimWorld.Odyssey	None	None	175	0.5	0.55	1	5	35	0.05	0.05	Standard	4.5	1.90	No	No	No	No	No	No	No	No	No	No	False	9.0	1.90	Mouth	teeth	Bite	No	No	No	No	No	No	0.85	0.85	0.10	15	7.5	0.80	0.40	10.00	false	false	VegetarianRoughAnimal	4	No	Snail	0.000	0.000	No	No	12	None	false	No	0	No	false	false	No	No	55	0.25	No	false	false	AnimalCommon, AnimalFarm		false	0.2	No	False	True	False	False	False	False	No
<li>BogHound</li>	Ludeon.RimWorld.Odyssey	None	None	425	7	0.4	1	-30	35	No	No	1	4.5	1.85	No	No	No	No	No	No	No	No	No	No	False	12.5	1.50	Teeth	canines	Bite	No	No	No	No	No	16	0.8	0.95	0.50	15	6.5	0.30	0.15	6.00	true	false	OmnivoreAnimal, OvivoreAnimal	No	Leather_Dog	QuadrupedAnimalWithPawsAndTail	0.100	0.300	No	48	12	Advanced	true	2	1	No	false	false	AttackTarget, Comfort	No	95	0.55	3~8	true	false	AnimalCommon, AnimalFighter	Scarlands	false	0.05	0.05	True	False	False	False	False	False	No
<li>Wolf_Great</li>	Ludeon.RimWorld.Odyssey	ThingBaseWolf	AnimalKindBaseWolf	550	7	0.75	1	-10	35	No	No	Standard	5.5	2.00	No	No	No	No	No	No	No	No	No	No	False	15.0	1.60	Teeth	canines	Bite	No	No	No	No	No	18	1	1.20	0.55	15	6.5	0.40	0.20	6.00	true	false	CarnivoreAnimal, OvivoreAnimal	No	Leather_Wolf	QuadrupedAnimalWithPawsAndTail	0.100	0.300	No	No	12	Advanced	true	2.5	1	No	false	false	AttackTarget	No	115	0.65	2~6	true	false	AnimalUncommon, AnimalFighter	GlacialPlain	false	0.05	No	True	False	False	False	False	False	No
<li>StoneCrab</li>	Ludeon.RimWorld.Odyssey	None	None	25	0.5	0.6	1	-15	50	0.05	0.10	Standard	1.0	0.80	No	No	No	No	No	No	No	No	No	No	False	No	No	No	No	No	No	No	No	No	No	10	0.1	0.10	0.05	4	6.0	0.40	0.20	9.00	false	false	OmnivoreAnimal, OvivoreAnimal	No	No	Crab	0.000	0.000	No	No	12	None	false	No	0	No	false	false	No	No	20	0.05	No	false	false	AnimalCommon	TemperateForest TemperateSwamp AridShrubland Desert ExtremeDesert TropicalRainforest TropicalSwamp Grasslands Glowforest LavaField Scarlands	true	1	No	False	True	False	False	False	False	Flesh
<li>HermitCrab</li>	Ludeon.RimWorld.Odyssey	None	None	25	0.5	0.6	1	-5	50	0.05	0.10	Standard	1.0	0.80	No	No	No	No	No	No	No	No	No	No	False	No	No	No	No	No	No	No	No	No	No	10	0.1	0.10	0.05	15	6.0	0.40	0.20	9.00	false	false	OmnivoreAnimal, OvivoreAnimal	No	No	Crab	0.000	0.000	No	No	12	None	false	No	0	No	false	false	No	No	20	0.05	No	false	false	AnimalCommon	AridShrubland Desert ExtremeDesert TropicalRainforest TropicalSwamp Grasslands Glowforest LavaField	true	1	No	False	True	False	False	False	False	Flesh
<li>Megascarab</li>	No	BaseInsect	InsectKindBase	125	3	0.65	1	-10	50	0.25	0.20	Standard	3.5	1.70	No	No	No	No	No	No	No	No	No	No	False	8.0	1.55	Mouth	mandibles	Bite	No	No	No	No	No	14	0.65	0.65	0.10	6	Lay eggs	0.30	0.15	Lay eggs	false	false	OmnivoreAnimal, OvivoreAnimal	No	No	BeetleLike	1.000	1.000	No	No	12	None	true	1	0	No	false	false	Forage	No	70	0.20	No	false	false	AnimalInsect		false	0.05	No	False	False	False	False	False	False	Bone
<li>Spelopede</li>	No	BaseInsect	InsectKindBase	275	3.5	0.85	2	-15	50	0.45	0.35	Standard	7.5	2.30	No	No	No	No	No	No	No	No	No	No	False	16.5	2.05	Mouth	mandibles	Bite	11.5	1.60	HeadClaw	head claw	Scratch	18	1.5	1.50	0.20	9	Lay eggs	0.30	0.15	Lay eggs	false	false	OmnivoreAnimal, OvivoreAnimal	No	No	BeetleLikeWithClaw	0.100	0.300	No	No	12	None	true	2.5	0	No	false	false	Dig	No	150	0.45	No	false	false	AnimalInsect		false	0.05	No	False	False	False	False	False	False	Bone
<li>Megaspider</li>	No	BaseInsect	InsectKindBase	450	2.5	0.95	3	-15	50	0.55	0.45	Standard	10.0	2.55	No	No	No	No	No	No	No	No	No	No	False	22.5	2.30	Mouth	mandibles	Bite	15.5	1.80	HeadClaw	head claw	Scratch	22	2.25	2.25	0.25	12	Lay eggs	0.40	0.20	Lay eggs	false	false	OmnivoreAnimal, OvivoreAnimal	No	No	BeetleLikeWithClaw	0.100	0.300	No	No	12	None	true	3.5	0	No	false	false	No	No	230	0.65	No	false	false	AnimalInsect		false	0.05	No	False	False	False	False	False	False	Bone
<li>HiveQueen</li>	Ludeon.RimWorld.Odyssey	BaseInsect	InsectKindBase	1950	2	0.99	6	-25	50	0.80	0.90	Standard	32.5	4.25	No	No	No	No	No	No	No	No	No	No	False	83.5	3.85	Mouth	mandibles	Bite	No	No	No	No	No	38	5.5	8.25	0.90	55	Lay eggs	No	No	Lay eggs	false	false	OmnivoreAnimal, OvivoreAnimal	No	No	BeetleLike	1.000	1.000	No	No	12	None	true	8	0	No	false	false	EggSpew	No	1285	1.80	No	false	false	AnimalInsect		false	0.05	No	False	False	False	False	True	False	Bone
<li>Larva</li>	Ludeon.RimWorld.Odyssey	BaseInsect	InsectKindBase	100	2	0.65	1	-10	35	0.20	0.15	Standard	3.0	1.55	No	No	No	No	No	No	No	No	No	No	False	6.5	1.40	Mouth	mandibles	Bite	No	No	No	No	No	12	0.5	0.50	0.10	1	Lay eggs	No	No	Lay eggs	false	false	OmnivoreAnimal, OvivoreAnimal	No	No	Larva	1.000	1.000	No	No	12	None	true	0.75	0	No	false	false	SludgeSpew	No	55	0.20	No	false	false	AnimalInsect		false	0.1	No	False	False	False	False	False	False	Bone
<li>Locust</li>	Ludeon.RimWorld.Odyssey	BaseInsect	InsectKindBase	150	4	0.7	1	-10	50	0.25	0.20	Standard	4.0	1.80	No	No	No	No	No	No	No	No	No	No	False	9.0	1.60	Mouth	mandibles	Bite	No	No	No	No	No	14	0.75	0.75	0.10	8	Lay eggs	0.30	0.15	Lay eggs	false	false	OmnivoreAnimal, OvivoreAnimal	No	No	BeetleLike	1.000	1.000	No	No	12	None	true	1.25	0	No	false	false	Forage	No	80	0.25	No	false	false	AnimalInsect		false	0.05	No	False	False	False	False	False	False	Bone
<li>Dryad</li>	Ludeon.RimWorld.Ideology	None	None	250	5.5	0.7	1	-10	35	No	No	Standard	4.5	1.85	No	No	No	No	No	No	No	No	No	No	False	11.5	1.55	Teeth	canines	Bite	7.0	1.10	FrontRightPaw, FrontRightPaw	left claw, right claw	Scratch	20	0.8	0.95	0.50	Immortal	Cannot breed	Unknown	Unknown	Cannot breed	false	false	OmnivoreAnimal, OvivoreAnimal	No	No	QuadrupedAnimalWithPaws	0.000	0.000	No	48	12	Intermediate	false	No	1	No	false	false	Forage, Comfort	No	85	0.55	No	true	false	AnimalUncommon, AnimalFighter		false	0.25	No	True	False	False	False	False	False	No
<li>Dryad</li>	Ludeon.RimWorld.Ideology	None	None	300	5.5	0.7	1	-10	35	No	No	Standard	4.5	1.85	No	No	No	No	No	No	No	No	No	No	False	11.5	1.55	Teeth	canines	Bite	11.0	1.10	FrontRightPaw, FrontRightPaw	left claw, right claw	Scratch	20	0.8	0.95	0.50	Immortal	Cannot breed	Unknown	Unknown	Cannot breed	false	false	OmnivoreAnimal, OvivoreAnimal	No	No	QuadrupedAnimalWithPawsAndTail	0.000	0.000	No	48	12	Intermediate	false	No	1	No	false	false	Forage, Comfort	No	105	0.55	No	true	false	AnimalUncommon, AnimalFighter		false	0.25	No	True	False	False	False	False	False	No
<li>Dryad</li>	Ludeon.RimWorld.Ideology	None	None	250	5.5	0.7	1	-10	35	No	No	Standard	4.5	1.85	No	No	No	No	No	No	No	No	No	No	False	11.5	1.55	Teeth	canines	Bite	7.0	1.10	FrontRightPaw, FrontRightPaw	left claw, right claw	Scratch	20	0.8	0.95	0.50	Immortal	Cannot breed	Unknown	Unknown	Cannot breed	false	false	OmnivoreAnimal, OvivoreAnimal	No	No	QuadrupedAnimalWithPaws	0.000	0.000	No	48	12	Intermediate	false	No	1	No	false	false	Forage, Comfort	No	85	0.55	No	true	false	AnimalUncommon, AnimalFighter		false	0.25	No	True	False	False	False	False	False	No
<li>AEXP_Coyote</li>	VanillaExpanded.VanillaAnimalsExpanded	None	None	200	8.5	0.65	1	-40	50	No	No	Standard	3.0	1.55	No	No	No	No	No	No	No	No	No	No	False	8.0	1.25	Teeth	canines	Bite	No	No	No	No	No	16	0.5	0.60	0.40	12	6.5	0.30	0.15	6.00	true	false	CarnivoreAnimal, OvivoreAnimal	No	Leather_Wolf	QuadrupedAnimalWithPawsAndTail	0.100	0.300	No	48	12	Advanced	true	1	1	No	false	false	AttackTarget	No	70	0.40	2~6	true	false	AnimalUncommon, AnimalFighter	BorealForest ColdBog TemperateForest TemperateSwamp AridShrubland Desert Grasslands LavaField GlacialPlain	false	0.1	No	True	False	False	False	False	False	No
<li>AEXP_Giraffe</li>	VanillaExpanded.VanillaAnimalsExpanded	None	None	475	8	0.85	18	-10	45	No	No	Standard	15.5	3.15	20.0	2.80	FrontLeftLeg, FrontRightLeg	left hoof, right hoof	Blunt	No	No	No	No	No	False	No	No	No	No	No	No	No	No	No	No	No	3.5	3.50	1.75	25	15.5	0.60	0.30	1.00	true	true	VegetarianRoughAnimal	2	Leather_Plain	QuadrupedAnimalWithHooves	0.000	0.000	No	No	12	None	false	No	0	No	false	false	No	No	205	2.10	3~10	false	false	AnimalUncommon	AridShrubland Grasslands	false	0.15	No	True	False	False	False	False	False	No
<li>AEXP_Zebra</li>	VanillaExpanded.VanillaAnimalsExpanded	None	None	325	9	0.8	12	-25	50	No	No	Standard	10.0	2.55	13.0	2.30	FrontLeftLeg, FrontRightLeg	left hoof, right hoof	Blunt	No	No	No	No	No	False	17.5	2.20	Teeth	teeth	Bite	No	No	No	No	No	No	2.25	2.25	0.95	20	13.5	0.40	0.20	1.00	true	true	VegetarianRoughAnimal	2	Leather_Plain	QuadrupedAnimalWithHooves	0.025	0.000	No	No	12	None	false	No	0	No	false	false	No	No	150	1.20	5~15	false	false	AnimalUncommon	AridShrubland Desert Grasslands LavaField	false	0.15	No	True	False	False	False	False	False	No
<li>AEXP_Wildebeest</li>	VanillaExpanded.VanillaAnimalsExpanded	None	None	275	10.5	0.75	10	-25	50	No	No	Standard	9.0	2.45	11.5	2.45	FrontLeftLeg, FrontRightLeg	left hoof, right hoof	Blunt	16.5	1.95	HeadAttackTool	horn	Scratch	False	No	No	No	No	No	No	No	No	No	No	No	2	2.00	0.90	15	11.0	0.30	0.15	1.00	true	true	VegetarianRoughAnimal	2	Leather_Plain	QuadrupedAnimalWithHooves	0.000	0.000	No	No	12	None	false	No	0	No	false	false	No	No	125	1.10	5~15	false	false	AnimalUncommon	AridShrubland Desert Grasslands LavaField	false	0.15	No	True	False	False	False	False	False	No
<li>AEXP_Crocodile</li>	VanillaExpanded.VanillaAnimalsExpanded	None	None	1125	1.5	0.85	3	15	50	0.15	0.05	Standard	11.5	2.75	No	No	No	No	No	No	No	No	No	No	False	30.0	2.75	Teeth	teeth	Bite	No	No	No	No	No	24	2.75	3.30	0.30	50	Lay eggs	1.60	0.80	Lay eggs	false	false	CarnivoreAnimal, OvivoreAnimal	No	Leather_Lizard	QuadrupedAnimalWithClawsTailAndJowl	0.100	0.300	No	No	12	None	true	3	0	2.8	true	true	No	1	275	0.80	No	false	false	AnimalUncommon	AridShrubland TropicalRainforest TropicalSwamp Grasslands Glowforest LavaField	true	0.15	No	False	True	False	False	False	False	Bone
<li>AEXP_Cheetah</li>	VanillaExpanded.VanillaAnimalsExpanded	BigCatThingBase	BigCatKindBase	525	14.5	0.7	1	-20	50	No	No	Standard	4.5	1.85	No	No	No	No	No	No	No	No	No	No	False	12.0	1.30	Teeth	canines	Bite	7.0	0.90	FrontRightPaw, FrontRightPaw	left claw, right claw	Scratch	20	0.8	0.95	0.50	12	7.0	0.30	0.15	3.00	false	false	CarnivoreAnimal, OvivoreAnimal	No	Leather_Lizard	QuadrupedAnimalWithPawsAndTail	0.100	0.300	No	48	12	Intermediate	true	1.5	1	No	false	false	AttackTarget	No	115	0.55	No	true	false	AnimalUncommon, AnimalFighter	AridShrubland Desert Grasslands LavaField	false	0.05	No	True	False	False	False	False	False	No
<li>AEXP_Boombat</li>	VanillaExpanded.VanillaAnimalsExpanded	None	None	100	2	0.8	1	-20	50	No	No	0.9	3.5	1.70	No	No	No	No	No	No	No	No	No	No	False	No	No	No	No	No	6.0	1.20	FrontRightPaw, FrontRightPaw	left claw, right claw	Scratch	No	0.65	0.65	0.45	15	5.5	0.40	0.20	1.00	false	false	VegetarianRoughAnimal	No	Leather_Light	QuadrupedAnimalWithPaws	0.050	0.100	No	No	12	None	false	No	0	No	false	false	No	No	45	0.50	No	true	false	AnimalUncommon, AnimalFighter	AridShrubland Desert ExtremeDesert Grasslands LavaField	false	0.15	0.25	True	False	False	False	False	False	No
<li>AEXP_Kangaroo</li>	VanillaExpanded.VanillaAnimalsExpanded	None	None	150	8.5	0.9	1	-20	50	No	No	Standard	5.0	1.95	7.0	1.75	RearLeftClaws, RearRightClaws	rear left claw, rear  right claw	Scratch	No	No	No	No	No	False	No	No	No	No	No	8.0	1.35	FrontRightPaw, FrontRightPaw	left claw, right claw	Scratch	No	0.9	0.90	0.55	15	5.5	0.30	0.15	1.00	true	false	VegetarianRoughAnimal	2	Leather_Plain	BipedalAnimalWithPawsClawsAndTail	0.000	0.000	No	No	12	None	false	No	0	No	false	false	No	No	70	0.60	3~10	false	false	AnimalUncommon	AridShrubland Desert Grasslands LavaField	false	0.2	No	True	False	False	False	False	False	No
<li>AEXP_Koala</li>	VanillaExpanded.VanillaAnimalsExpanded	None	None	75	2	0.7	1	5	50	No	No	Standard	2.5	1.45	No	No	No	No	No	No	No	No	No	No	False	No	No	No	No	No	4.0	1.00	FrontRightPaw, FrontRightPaw	left claw, right claw	Scratch	No	0.4	0.40	0.35	12	5.5	0.30	0.15	1.00	false	false	VegetarianRoughAnimal	No	Leather_Light	QuadrupedAnimalWithPaws	0.000	0.000	No	No	12	None	false	No	0	No	false	false	No	No	35	0.35	No	false	false	AnimalUncommon	AridShrubland TropicalRainforest TropicalSwamp Grasslands Glowforest LavaField	false	0.35	No	True	False	False	False	False	False	No
<li>AEXP_Platypus</li>	VanillaExpanded.VanillaAnimalsExpanded	None	None	125	1.5	0.6	1	-25	35	No	No	Standard	1.5	1.05	2.0	1.00	RearLeftSpur, RearRightSpur	left spur, right spur	ScratchToxic	No	No	No	No	No	False	No	No	No	No	No	No	No	No	No	No	10	0.15	0.20	0.25	12	Lay eggs	0.30	0.15	Lay eggs	false	false	CarnivoreAnimal, OvivoreAnimal	No	Leather_Light	QuadrupedAnimalWithPawsAndTailAndSpur	0.000	0.000	No	No	12	None	false	No	0	1.4	true	true	No	1	25	0.25	No	false	false	AnimalCommon	TemperateSwamp	false	0.15	No	False	False	False	False	False	False	No
<li>AEXP_ArcticCoyote</li>	VanillaExpanded.VanillaAnimalsExpanded	None	None	200	8.5	0.65	1	-50	25	No	No	Standard	3.0	1.55	No	No	No	No	No	No	No	No	No	No	False	8.0	1.25	Teeth	canines	Bite	No	No	No	No	No	16	0.5	0.60	0.40	12	6.5	0.30	0.15	6.00	true	false	CarnivoreAnimal, OvivoreAnimal	No	Leather_Wolf	QuadrupedAnimalWithPawsAndTail	0.100	0.300	No	48	12	Advanced	true	1	1	No	false	false	AttackTarget	No	70	0.40	2~6	true	false	AnimalUncommon, AnimalFighter	Tundra	false	0.1	No	True	False	False	False	False	False	No
<li>AEXP_BlackBear</li>	VanillaExpanded.VanillaAnimalsExpanded	BaseBear	BearBase	675	6	0.7	2	-45	35	No	No	Standard	7.5	2.30	No	No	No	No	No	No	No	No	No	No	False	19.0	1.95	Teeth	canines	Bite	12.0	1.40	FrontRightPaw, FrontRightPaw	left claw, right claw	Scratch	14	1.6	1.90	0.75	20	6.5	0.60	0.30	2.00	false	false	OmnivoreAnimal, OvivoreAnimal	No	Leather_Bear	QuadrupedAnimalWithPaws	0.100	0.300	No	No	12	Advanced	true	2	1	No	false	true	Forage, AttackTarget	No	160	0.90	No	true	false	AnimalUncommon, AnimalFighter	BorealForest ColdBog TemperateForest TemperateSwamp GlacialPlain	false	0.05	No	True	False	False	False	False	False	Bone
<li>AEXP_Hyena</li>	VanillaExpanded.VanillaAnimalsExpanded	None	None	550	8.5	0.75	1	-20	50	No	No	Standard	5.0	2.00	No	No	No	No	No	No	No	No	No	No	False	15.0	1.60	Teeth	canines	Bite	No	No	No	No	No	18	0.95	1.15	0.55	25	7.5	0.40	0.20	2.00	true	false	CarnivoreAnimal, OvivoreAnimal	No	Leather_Wolf	QuadrupedAnimalWithPawsAndTail	0.100	0.300	No	No	12	Advanced	true	2.5	1	No	false	false	AttackTarget	No	115	0.65	2~6	true	false	AnimalUncommon, AnimalFighter	AridShrubland Desert Grasslands	false	0.05	No	True	False	False	False	False	False	Bone
<li>AEXP_DesertTortoise</li>	VanillaExpanded.VanillaAnimalsExpanded	None	None	200	0.5	0.7	1	-5	50	0.35	0.05	Standard	4.5	1.85	No	No	No	No	No	No	No	No	No	No	False	8.0	1.85	TurtleBeakAttackTool	beak	Bite	No	No	No	No	No	No	0.8	0.80	0.10	45	Lay eggs	2.40	1.20	Lay eggs	false	false	VegetarianRoughAnimal	2	Leather_Lizard	TurtleLike	0.000	0.000	No	No	12	None	false	No	0	No	false	false	No	No	60	0.25	No	false	false	AnimalUncommon	AridShrubland Desert ExtremeDesert Grasslands LavaField	false	0.25	No	False	True	False	False	False	False	No
<li>AEXP_Lion</li>	VanillaExpanded.VanillaAnimalsExpanded	None	None	800	7.5	0.85	2	-30	50	No	No	Standard	7.5	2.30	No	No	No	No	No	No	No	No	No	No	False	20.5	1.60	Teeth	canines	Bite	12.0	1.15	FrontRightPaw, FrontRightPaw	left claw, right claw	Scratch	24	1.6	1.90	0.75	15	7.5	0.40	0.20	3.00	true	false	CarnivoreAnimal, OvivoreAnimal	No	Leather_Panthera	QuadrupedAnimalWithPawsAndTail	0.100	0.300	No	No	12	Intermediate	true	3	1	No	false	false	AttackTarget	No	195	0.90	2~6	true	false	AnimalUncommon, AnimalFighter	AridShrubland Desert Grasslands LavaField	false	0.05	No	True	False	False	False	False	False	No
<li>AEXP_GilaMonster</li>	VanillaExpanded.VanillaAnimalsExpanded	None	None	125	1.5	0.5	1	-5	50	No	No	Standard	1.5	1.05	No	No	No	No	No	No	No	No	No	No	False	4.0	0.95	Teeth	teeth	ToxicBite	2.0	0.75	FrontLeftClaws, FrontRightClaws	left claw, right claw	Scratch	10	0.15	0.20	0.05	20	Lay eggs	0.40	0.20	Lay eggs	false	false	CarnivoreAnimal, OvivoreAnimal	No	Leather_Lizard	QuadrupedAnimalWithClawsTailAndJowl	0.025	0.000	No	No	12	None	true	0.15	0	No	false	false	No	No	30	0.05	No	false	false	AnimalUncommon	AridShrubland Desert ExtremeDesert LavaField	false	0.65	No	False	True	False	False	False	False	No
<li>AEXP_Camel</li>	VanillaExpanded.VanillaAnimalsExpanded	None	None	475	5	0.2	15	-50	35	No	No	Standard	13.5	2.95	17.5	2.65	FrontLeftLeg, FrontRightLeg	left hoof, right hoof	Blunt	No	No	No	No	No	False	24.0	2.50	Teeth	teeth	Bite	No	No	No	No	No	No	3	3.00	1.15	20	14.0	0.60	0.30	1.00	true	true	VegetarianRoughAnimal	12	Leather_Camel	QuadrupedAnimalWithHoovesAndHump	0.000	0.000	0.5	No	12	None	false	No	0	No	false	false	No	No	195	1.50	3~10	false	true	AnimalCommon, AnimalFarm	Alpine	false	0.15	No	True	False	False	False	False	False	No
<li>AEXP_Rattlesnake</li>	VanillaExpanded.VanillaAnimalsExpanded	None	None	125	2	0.7	1	-5	50	No	No	Standard	2.5	1.35	No	No	No	No	No	No	No	No	No	No	False	5.5	1.05	Mouth	fangs	ToxicBite	No	No	No	No	No	16	0.35	0.40	0.05	12	8.5	0.40	0.20	18.00	false	false	CarnivoreAnimal, OvivoreAnimal	No	Leather_Lizard	Snake	0.025	0.000	No	No	12	None	true	0.35	0	No	false	false	No	No	45	0.10	No	false	false	AnimalUncommon	AridShrubland Desert ExtremeDesert LavaField	false	0.4	No	False	True	False	False	False	False	No
<li>AEXP_Megascorpion</li>	VanillaExpanded.VanillaAnimalsExpanded	BaseInsect	InsectKindBase	475	2	1	3	-15	50	0.60	0.50	Standard	11.0	2.70	14.5	2.70	HeadAttackTool	stinger	ScratchToxic	No	No	No	No	No	False	25.5	2.40	Mouth	mandibles	Bite	No	No	No	No	No	24	2.75	2.75	0.30	12	Lay eggs	0.40	0.20	Lay eggs	false	false	OmnivoreAnimal, OvivoreAnimal	No	No	BeetleLike	1.000	1.000	No	No	12	None	true	4	0	No	false	false	No	No	215	0.80	No	false	false	AnimalInsect		false	0.05	No	False	False	False	False	False	False	Bone
<li>AEXP_RedPanda</li>	VanillaExpanded.VanillaAnimalsExpanded	None	None	125	3	0.55	1	-25	35	No	No	Standard	2.0	1.25	No	No	No	No	No	No	No	No	No	No	False	5.5	1.15	Teeth	canines	Bite	3.0	0.90	FrontRightPaw, FrontRightPaw	left claw, right claw	Scratch	No	0.3	0.35	0.30	12	7.5	0.30	0.15	2.00	false	false	VegetarianRoughAnimal	No	Leather_Light	QuadrupedAnimalWithPawsAndTail	0.000	0.000	No	36	12	Intermediate	false	No	1	No	false	false	Comfort	No	40	0.30	No	true	false	AnimalCommon	TemperateForest TemperateSwamp	false	0.4	No	True	False	False	False	False	False	No
<li>AEXP_WildGoose</li>	VanillaExpanded.VanillaAnimalsExpanded	None	None	125	1.5	0.65	3	-35	35	No	No	Standard	2.0	1.20	No	No	No	No	No	No	No	No	No	No	False	2.0	1.10	Beak	beak	Blunt	No	No	No	No	No	No	0.25	0.25	0.35	20	Lay eggs	0.40	0.20	Lay eggs	true	false	VegetarianRoughAnimal	2	No	Bird	0.000	0.000	No	No	12	None	false	No	0	No	true	false	No	1	25	0.35	3~8	false	false	AnimalUncommon	ColdBog TemperateSwamp	false	0.45	No	False	False	False	False	False	False	No
<li>AEXP_Beaver</li>	VanillaExpanded.VanillaAnimalsExpanded	None	None	100	2	0.55	1	-40	35	No	No	Standard	3.5	1.70	No	No	No	No	No	No	No	No	No	No	False	7.0	1.55	Teeth	Incisors	Bite	No	No	No	No	No	No	0.65	0.65	0.45	12	7.5	0.30	0.15	3.00	true	false	VegetarianRoughAnimal	No	Leather_Light	QuadrupedAnimalWithPawsAndTail	0.000	0.000	No	48	12	None	false	No	0	1.4	true	false	Comfort	1	50	0.50	3~8	false	false	AnimalUncommon	ColdBog TemperateSwamp	false	0.25	No	True	False	False	False	False	False	No
<li>AEXP_Hedgehog</li>	VanillaExpanded.VanillaAnimalsExpanded	None	None	50	1.5	0.6	1	-25	35	No	No	Standard	1.5	1.05	No	No	No	No	No	No	No	No	No	No	False	3.5	0.90	Teeth	teeth	Bite	2.0	0.70	FrontRightPaw, FrontRightPaw	left claw, right claw	Scratch	No	0.15	0.20	0.25	6	5.5	0.30	0.15	1.50	false	false	CarnivoreAnimal, OvivoreAnimal	No	Leather_Light	QuadrupedAnimalWithPaws	0.000	0.000	No	No	12	None	false	No	0	No	false	false	No	No	30	0.25	No	true	false	AnimalCommon	TemperateForest TemperateSwamp	false	0.15	No	True	False	False	False	False	False	No
<li>AEXP_Jaguar</li>	VanillaExpanded.VanillaAnimalsExpanded	BigCatThingBase	BigCatKindBase	625	7.5	0.8	2	-30	40	No	No	Standard	6.0	2.10	No	No	No	No	No	No	No	No	No	No	False	17.0	1.45	Teeth	canines	Bite	9.5	1.05	FrontRightPaw, FrontRightPaw	left claw, right claw	Scratch	20	1.15	1.40	0.60	15	7.0	0.40	0.20	2.00	false	false	CarnivoreAnimal, OvivoreAnimal	No	Leather_Panthera	QuadrupedAnimalWithPawsAndTail	0.100	0.300	No	No	12	Intermediate	true	2.5	1	No	false	true	AttackTarget	10	145	0.70	No	true	false	AnimalUncommon, AnimalFighter	TropicalRainforest TropicalSwamp Glowforest	false	0.05	No	True	False	False	False	False	False	No
<li>AEXP_Lemur</li>	VanillaExpanded.VanillaAnimalsExpanded	None	None	100	3.5	0.55	1	10	40	No	No	Standard	2.0	1.15	No	No	No	No	No	No	No	No	No	No	False	4.0	1.00	Teeth	canines	Bite	2.5	0.70	LeftHand, RightHand	left fist, right fist	Blunt	No	0.25	0.25	0.25	20	8.0	0.30	0.15	1.10	true	false	OmnivoreRoughAnimal, OvivoreAnimal	No	Leather_Light	Monkey	0.000	0.000	No	36	12	Advanced	false	No	1	No	false	false	Forage, Comfort	No	35	0.25	3~10	true	false	AnimalCommon	TropicalRainforest TropicalSwamp Glowforest	false	0.5	No	True	False	False	False	False	False	No
<li>AEXP_Mandrill</li>	VanillaExpanded.VanillaAnimalsExpanded	None	None	375	5	0.65	1	5	40	No	No	Standard	3.5	1.60	No	No	No	No	No	No	No	No	No	No	False	8.5	1.35	Teeth	canines	Bite	5.5	0.95	LeftHand, RightHand	left fist, right fist	Blunt	No	0.55	0.55	0.40	25	9.0	0.60	0.30	1.00	true	false	OmnivoreRoughAnimal, OvivoreAnimal	No	Leather_Light	Monkey	0.050	0.100	No	48	12	Advanced	false	No	1	No	false	false	Forage, AttackTarget, Comfort	No	60	0.45	3~10	true	false	AnimalUncommon	TropicalRainforest TropicalSwamp Glowforest	false	0.3	No	True	False	False	False	False	False	No
<li>AEXP_Tapir</li>	VanillaExpanded.VanillaAnimalsExpanded	None	None	325	5	0.8	12	-5	40	No	No	Standard	10.0	2.55	13.0	2.30	FrontLeftLeg, FrontRightLeg	left hoof, right hoof	Blunt	No	No	No	No	No	False	17.5	2.20	Teeth	teeth	Bite	No	No	No	No	No	No	2.25	2.25	0.95	24	14.5	0.40	0.20	1.00	false	false	VegetarianRoughAnimal	2	Leather_Plain	QuadrupedAnimalWithHooves	0.025	0.000	No	No	12	None	false	No	0	No	false	false	No	10	140	1.20	No	false	false	AnimalUncommon	TropicalRainforest TropicalSwamp Glowforest	false	0.15	No	True	False	False	False	False	False	No
<li>AEXP_Anaconda</li>	VanillaExpanded.VanillaAnimalsExpanded	None	None	550	1.5	0.8	2	15	40	No	No	Standard	6.0	2.15	No	No	No	No	No	No	No	No	No	No	False	14.0	1.70	Mouth	teeth	Bite	No	No	No	No	No	22	1.2	1.45	0.15	20	10.0	0.40	0.20	29.00	false	false	CarnivoreAnimal, OvivoreAnimal	No	Leather_Lizard	Snake	0.100	0.300	No	No	12	None	true	1	0	2.8	true	true	No	1	110	0.35	No	false	false	AnimalUncommon	TropicalSwamp Glowforest	false	0.2	No	False	True	False	False	False	False	No
<li>AEXP_IndianElephant</li>	VanillaExpanded.VanillaAnimalsExpanded	None	None	1725	3.5	0.9	23	-15	40	No	No	Standard	24.5	3.80	30.5	3.45	FrontLeftLeg, FrontRightLeg	left foot, right foot	Blunt	46.5	2.65	TuskAttackTool	tusk	Scratch	True	No	No	No	No	No	No	No	No	No	No	No	4.5	6.75	2.50	45	20.0	1.40	0.70	1.00	true	true	VegetarianRoughAnimal	No	Leather_Elephant	QuadrupedAnimalWithHoovesTusksAndTrunk	0.025	0.300	No	No	12	Advanced	false	No	1	No	false	false	WarTrumpet	No	500	2.90	3~10	true	true	AnimalUncommon, AnimalFighter	TropicalRainforest TropicalSwamp Glowforest	false	0.1	No	True	False	False	False	False	False	No
<li>AEXP_MegaWolverine</li>	VanillaExpanded.VanillaAnimalsExpanded	None	None	1000	6.5	0.8	3	-20	35	No	No	Standard	12.0	2.80	No	No	No	No	No	No	No	No	No	No	False	31.5	2.10	Teeth	canines	Bite	19.0	1.40	FrontRightPaw, FrontRightPaw	left claw, right claw	Scratch	28	2.75	3.30	1.10	15	6.5	0.80	0.40	3.00	false	false	CarnivoreAnimal, OvivoreAnimal	No	Leather_Heavy	QuadrupedAnimalWithPawsAndTail	0.100	0.300	No	No	12	Intermediate	true	7	1	No	false	false	No	No	350	1.45	No	true	false	AnimalUncommon, AnimalFighter		false	0.05	No	True	False	False	False	False	False	Bone
<li>AEXP_Beagle</li>	VanillaExpanded.VanillaAnimalsExpanded	None	None	125	6	0	1	-15	35	No	No	Standard	2.5	1.45	No	No	No	No	No	No	No	No	No	No	False	7.5	1.15	Teeth	canines	Bite	No	No	No	No	No	14	0.4	0.50	0.35	15	6.5	0.30	0.15	6.00	true	false	OmnivoreAnimal, OvivoreAnimal	No	Leather_Dog	QuadrupedAnimalWithPawsAndTail	0.000	0.000	1	12	12	Advanced	true	0.5	1	No	false	false	Comfort	No	60	0.35	2~4	false	false	AnimalCommon, AnimalPet		false	0.1	No	True	False	False	False	False	False	No
<li>AEXP_Chihuahua</li>	VanillaExpanded.VanillaAnimalsExpanded	None	None	75	5	0	1	-5	35	No	No	Standard	1.5	1.10	No	No	No	No	No	No	No	No	No	No	False	4.0	0.90	Teeth	canines	Bite	No	No	No	No	No	14	0.2	0.25	0.25	15	6.5	0.30	0.15	6.00	true	false	OmnivoreAnimal, OvivoreAnimal	No	Leather_Dog	QuadrupedAnimalWithPawsAndTail	0.000	0.000	1	12	12	Advanced	true	0.2	1	No	false	false	Comfort	No	40	0.25	2~4	false	false	AnimalCommon, AnimalPet		false	0.15	No	True	False	False	False	False	False	No
<li>AEXP_Corgi</li>	VanillaExpanded.VanillaAnimalsExpanded	None	None	150	6	0	1	-20	35	No	No	Standard	3.0	1.55	No	No	No	No	No	No	No	No	No	No	False	8.0	1.25	Teeth	canines	Bite	No	No	No	No	No	16	0.5	0.60	0.40	15	6.5	0.30	0.15	6.00	true	false	OmnivoreAnimal, OvivoreAnimal	No	Leather_Dog	QuadrupedAnimalWithPawsAndTail	0.000	0.100	1	24	12	Advanced	true	0.75	1	No	false	false	AttackTarget, Comfort	No	65	0.40	2~4	false	false	AnimalCommon, AnimalFighter, AnimalPet		false	0.1	No	True	False	False	False	False	False	No
<li>AEXP_FrenchBulldog</li>	VanillaExpanded.VanillaAnimalsExpanded	None	None	125	6	0	1	-15	35	No	No	Standard	3.0	1.50	No	No	No	No	No	No	No	No	No	No	False	7.5	1.20	Teeth	canines	Bite	No	No	No	No	No	14	0.45	0.55	0.35	15	6.5	0.30	0.15	6.00	true	false	OmnivoreAnimal, OvivoreAnimal	No	Leather_Dog	QuadrupedAnimalWithPawsAndTail	0.000	0.100	1	12	12	Advanced	true	0.75	1	No	false	false	Comfort	No	60	0.35	2~4	false	false	AnimalCommon, AnimalPet		false	0.1	No	True	False	False	False	False	False	No
<li>AEXP_GermanShepherd</li>	VanillaExpanded.VanillaAnimalsExpanded	None	None	350	8	0	1	-30	35	No	No	Standard	4.5	1.80	No	No	No	No	No	No	No	No	No	No	False	11.5	1.45	Teeth	canines	Bite	No	No	No	No	No	16	0.75	0.90	0.50	15	6.5	0.30	0.15	6.00	true	false	OmnivoreAnimal, OvivoreAnimal	No	Leather_Dog	QuadrupedAnimalWithPawsAndTail	0.000	0.100	1	24	12	Advanced	true	1.25	1	No	false	false	AttackTarget, Comfort	No	90	0.55	2~4	false	false	AnimalCommon, AnimalFighter, AnimalPet		false	0.05	No	True	False	False	False	False	False	No
<li>AEXP_GreatDane</li>	VanillaExpanded.VanillaAnimalsExpanded	None	None	375	7	0	1	-20	35	No	No	Standard	5.0	2.00	No	No	No	No	No	No	No	No	No	No	False	14.0	1.60	Teeth	canines	Bite	No	No	No	No	No	18	0.95	1.15	0.55	15	6.5	0.30	0.15	6.00	true	false	OmnivoreAnimal, OvivoreAnimal	No	Leather_Dog	QuadrupedAnimalWithPawsAndTail	0.000	0.100	1	36	12	Advanced	true	1.5	1	No	false	false	AttackTarget, Comfort	No	110	0.65	2~4	false	false	AnimalCommon, AnimalFighter, AnimalPet		false	0.05	No	True	False	False	False	False	False	No
<li>AEXP_Poodle</li>	VanillaExpanded.VanillaAnimalsExpanded	None	None	325	8	0	1	-20	35	No	No	Standard	4.0	1.70	No	No	No	No	No	No	No	No	No	No	False	10.0	1.35	Teeth	canines	Bite	No	No	No	No	No	16	0.65	0.80	0.45	15	6.5	0.30	0.15	6.00	true	false	OmnivoreAnimal, OvivoreAnimal	No	Leather_Dog	QuadrupedAnimalWithPawsAndTail	0.000	0.100	1	24	12	Advanced	true	1	1	No	false	false	AttackTarget, Comfort	No	85	0.50	2~4	false	false	AnimalCommon, AnimalFighter, AnimalPet		false	0.05	No	True	False	False	False	False	False	No
<li>AEXP_Pug</li>	VanillaExpanded.VanillaAnimalsExpanded	None	None	125	6	0	1	-15	35	No	No	Standard	2.5	1.40	No	No	No	No	No	No	No	No	No	No	False	6.0	1.10	Teeth	canines	Bite	No	No	No	No	No	14	0.35	0.40	0.30	15	6.5	0.30	0.15	6.00	true	false	OmnivoreAnimal, OvivoreAnimal	No	Leather_Dog	QuadrupedAnimalWithPawsAndTail	0.000	0.000	1	12	12	Advanced	true	0.35	1	No	false	false	Comfort	No	55	0.30	2~4	false	false	AnimalCommon, AnimalPet		false	0.1	No	True	False	False	False	False	False	No
<li>AEXP_Rottweiler</li>	VanillaExpanded.VanillaAnimalsExpanded	None	None	375	7	0	1	-20	35	No	No	Standard	4.5	1.90	No	No	No	No	No	No	No	No	No	No	False	12.5	1.50	Teeth	canines	Bite	No	No	No	No	No	16	0.85	1.00	0.50	15	6.5	0.30	0.15	6.00	true	false	OmnivoreAnimal, OvivoreAnimal	No	Leather_Dog	QuadrupedAnimalWithPawsAndTail	0.000	0.100	1	24	12	Advanced	true	1.25	1	No	false	false	AttackTarget, Comfort	No	100	0.55	2~4	false	false	AnimalCommon, AnimalFighter, AnimalPet		false	0.05	No	True	False	False	False	False	False	No
<li>AEXP_Shih-Tzu</li>	VanillaExpanded.VanillaAnimalsExpanded	None	None	125	5.5	0	1	-15	35	No	No	Standard	2.5	1.35	No	No	No	No	No	No	No	No	No	No	False	6.0	1.05	Teeth	canines	Bite	No	No	No	No	No	14	0.35	0.40	0.30	15	6.5	0.30	0.15	6.00	true	false	OmnivoreAnimal, OvivoreAnimal	No	Leather_Dog	QuadrupedAnimalWithPawsAndTail	0.000	0.000	1	12	12	Advanced	true	0.35	1	No	false	false	Comfort	No	55	0.30	2~4	false	false	AnimalCommon, AnimalPet		false	0.1	No	True	False	False	False	False	False	No
<li>AEXP_WelshTerrier</li>	VanillaExpanded.VanillaAnimalsExpanded	None	None	325	8.5	0	1	-20	35	No	No	Standard	3.5	1.65	No	No	No	No	No	No	No	No	No	No	False	9.5	1.35	Teeth	canines	Bite	No	No	No	No	No	16	0.6	0.70	0.40	15	6.5	0.30	0.15	6.00	true	false	OmnivoreAnimal, OvivoreAnimal	No	Leather_Dog	QuadrupedAnimalWithPawsAndTail	0.000	0.100	1	24	12	Advanced	true	1	1	No	false	false	AttackTarget, Comfort	No	80	0.45	2~4	false	false	AnimalCommon, AnimalFighter, AnimalPet		false	0.05	No	True	False	False	False	False	False	No
<li>AEXP_CatAbyssinian</li>	VanillaExpanded.VanillaAnimalsExpanded	None	None	125	5.5	0	1	-15	35	No	No	Standard	2.0	1.30	No	No	No	No	No	No	No	No	No	No	False	5.5	0.90	Teeth	canines	Bite	3.5	0.65	FrontRightPaw, FrontRightPaw	left claw, right claw	Scratch	16	0.3	0.35	0.30	15	6.5	0.30	0.15	4.00	false	false	CarnivoreAnimal, OvivoreAnimal	No	Leather_Light	QuadrupedAnimalWithPawsAndTail	0.000	0.000	1	12	12	Intermediate	true	0.3	1	No	false	false	Comfort	No	55	0.30	No	false	false	AnimalCommon, AnimalPet		false	0.1	No	True	False	False	False	False	False	No
<li>AEXP_CatBengal</li>	VanillaExpanded.VanillaAnimalsExpanded	None	None	100	5.5	0	1	-15	35	No	No	Standard	2.0	1.30	No	No	No	No	No	No	No	No	No	No	False	5.5	0.95	Teeth	canines	Bite	3.5	0.65	FrontRightPaw, FrontRightPaw	left claw, right claw	Scratch	16	0.3	0.35	0.30	15	6.5	0.30	0.15	4.00	false	false	CarnivoreAnimal, OvivoreAnimal	No	Leather_Light	QuadrupedAnimalWithPawsAndTail	0.000	0.000	1	12	12	Intermediate	true	0.3	1	No	false	false	Comfort	No	50	0.30	No	false	false	AnimalCommon, AnimalPet		false	0.1	No	True	False	False	False	False	False	No
<li>AEXP_CatBritishShorthair</li>	VanillaExpanded.VanillaAnimalsExpanded	None	None	125	5.5	0	1	-15	35	No	No	Standard	2.0	1.30	No	No	No	No	No	No	No	No	No	No	False	5.5	0.90	Teeth	canines	Bite	3.5	0.65	FrontRightPaw, FrontRightPaw	left claw, right claw	Scratch	16	0.3	0.35	0.30	15	6.5	0.30	0.15	4.00	false	false	CarnivoreAnimal, OvivoreAnimal	No	Leather_Light	QuadrupedAnimalWithPawsAndTail	0.000	0.000	1	12	12	Intermediate	true	0.3	1	No	false	false	Comfort	No	55	0.30	No	false	false	AnimalCommon, AnimalPet		false	0.1	No	True	False	False	False	False	False	No
<li>AEXP_CatMaineCoon</li>	VanillaExpanded.VanillaAnimalsExpanded	None	None	125	5.5	0	1	-25	35	No	No	Standard	2.5	1.40	No	No	No	No	No	No	No	No	No	No	False	6.0	1.00	Teeth	canines	Bite	3.5	0.70	FrontRightPaw, FrontRightPaw	left claw, right claw	Scratch	16	0.35	0.40	0.30	15	6.5	0.30	0.15	4.00	false	false	CarnivoreAnimal, OvivoreAnimal	No	Leather_Light	QuadrupedAnimalWithPawsAndTail	0.000	0.000	1	12	12	Intermediate	true	0.35	1	No	false	false	Comfort	No	55	0.30	No	false	false	AnimalCommon, AnimalPet		false	0.1	No	True	False	False	False	False	False	No
<li>AEXP_CatMunchkin</li>	VanillaExpanded.VanillaAnimalsExpanded	None	None	100	5.5	0	1	-15	35	No	No	Standard	2.0	1.20	No	No	No	No	No	No	No	No	No	No	False	4.5	0.85	Teeth	canines	Bite	3.0	0.60	FrontRightPaw, FrontRightPaw	left claw, right claw	Scratch	16	0.25	0.30	0.25	15	6.5	0.30	0.15	4.00	false	false	CarnivoreAnimal, OvivoreAnimal	No	Leather_Light	QuadrupedAnimalWithPawsAndTail	0.000	0.000	1	12	12	Intermediate	true	0.25	1	No	false	false	Comfort	No	50	0.25	No	false	false	AnimalCommon, AnimalPet		false	0.1	No	True	False	False	False	False	False	No
<li>AEXP_CatNorwegianForest</li>	VanillaExpanded.VanillaAnimalsExpanded	None	None	125	5.5	0	1	-25	35	No	No	Standard	2.5	1.35	No	No	No	No	No	No	No	No	No	No	False	6.0	0.95	Teeth	canines	Bite	3.5	0.70	FrontRightPaw, FrontRightPaw	left claw, right claw	Scratch	16	0.35	0.40	0.30	15	6.5	0.30	0.15	4.00	false	false	CarnivoreAnimal, OvivoreAnimal	No	Leather_Light	QuadrupedAnimalWithPawsAndTail	0.000	0.000	1	12	12	Intermediate	true	0.35	1	No	false	false	Comfort	No	55	0.30	No	false	false	AnimalCommon, AnimalPet		false	0.1	No	True	False	False	False	False	False	No
<li>AEXP_CatPersian</li>	VanillaExpanded.VanillaAnimalsExpanded	None	None	100	5.5	0	1	-15	35	No	No	Standard	2.0	1.25	No	No	No	No	No	No	No	No	No	No	False	5.5	0.85	Teeth	canines	Bite	3.0	0.60	FrontRightPaw, FrontRightPaw	left claw, right claw	Scratch	16	0.25	0.30	0.25	15	6.5	0.30	0.15	4.00	false	false	CarnivoreAnimal, OvivoreAnimal	No	Leather_Light	QuadrupedAnimalWithPawsAndTail	0.000	0.000	1	12	12	Intermediate	true	0.25	1	No	false	false	Comfort	No	50	0.25	No	false	false	AnimalCommon, AnimalPet		false	0.1	No	True	False	False	False	False	False	No
<li>AEXP_CatSiamese</li>	VanillaExpanded.VanillaAnimalsExpanded	None	None	125	5.5	0	1	-15	35	No	No	Standard	2.0	1.30	No	No	No	No	No	No	No	No	No	No	False	5.5	0.90	Teeth	canines	Bite	3.5	0.65	FrontRightPaw, FrontRightPaw	left claw, right claw	Scratch	16	0.3	0.35	0.30	15	6.5	0.30	0.15	4.00	false	false	CarnivoreAnimal, OvivoreAnimal	No	Leather_Light	QuadrupedAnimalWithPawsAndTail	0.000	0.000	1	12	12	Intermediate	true	0.3	1	No	false	false	Comfort	No	55	0.30	No	false	false	AnimalCommon, AnimalPet		false	0.1	No	True	False	False	False	False	False	No
<li>AEXP_CatSomali</li>	VanillaExpanded.VanillaAnimalsExpanded	None	None	125	5.5	0	1	-15	35	No	No	Standard	2.0	1.30	No	No	No	No	No	No	No	No	No	No	False	5.5	0.90	Teeth	canines	Bite	3.5	0.65	FrontRightPaw, FrontRightPaw	left claw, right claw	Scratch	16	0.3	0.35	0.30	15	6.5	0.30	0.15	4.00	false	false	CarnivoreAnimal, OvivoreAnimal	No	Leather_Light	QuadrupedAnimalWithPawsAndTail	0.000	0.000	1	12	12	Intermediate	true	0.3	1	No	false	false	Comfort	No	55	0.30	No	false	false	AnimalCommon, AnimalPet		false	0.1	No	True	False	False	False	False	False	No
<li>AEXP_CatSphynx</li>	VanillaExpanded.VanillaAnimalsExpanded	None	None	125	5.5	0	1	10	35	No	No	Standard	2.0	1.30	No	No	No	No	No	No	No	No	No	No	False	5.5	0.90	Teeth	canines	Bite	3.5	0.65	FrontRightPaw, FrontRightPaw	left claw, right claw	Scratch	16	0.3	0.35	0.30	15	6.5	0.30	0.15	4.00	false	false	CarnivoreAnimal, OvivoreAnimal	No	Leather_Light	QuadrupedAnimalWithPawsAndTail	0.000	0.000	1	12	12	Intermediate	true	0.3	1	No	false	false	Comfort	No	55	0.30	No	false	false	AnimalCommon, AnimalPet		false	0.1	No	True	False	False	False	False	False	No
<li>Kalisk</li>	No	None	None	14050	5.5	0.99	7	-25	35	0.55	0.45	1	39.0	4.55	No	No	No	No	No	No	No	No	No	No	False	69.5	3.20	Teeth	teeth	Bite	63.5	2.30	FrontRightPaw, FrontRightPaw	left claw, right claw	Scratch	48	6.5	11.70	3.25	285	18.5	2.40	1.20	1.00	false	false	CarnivoreAnimal, OvivoreAnimal	No	Leather_Kalisk	QuadrupedAnimalWithPawsAndTail	1.000	1.000	No	No	12	Advanced	true	10	1	No	false	false	AttackTarget	No	5510	3.90	No	false	false	AnimalExotic		false	0.05	0.05	False	False	True	True	True	True	No
<li>Mongrel</li>	No	None	None	350	8	0.15	1	-20	35	No	No	Standard	4.0	1.75	No	No	No	No	No	No	No	No	No	No	False	10.0	1.40	Teeth	canines	Bite	No	No	No	No	No	16	0.7	0.85	0.45	15	6.5	0.30	0.15	6.00	true	false	OmnivoreAnimal, OvivoreAnimal	No	Leather_Dog	QuadrupedAnimalWithPawsAndTail	0.000	0.100	1	24	12	Advanced	true	1	1	No	false	false	AttackTarget, Comfort	No	85	0.50	2~6	true	false	AnimalCommon, AnimalFighter, AnimalPet		false	0.05	No	True	False	False	False	False	False	No
<li>AfricanWildDog</li>	No	None	None	425	9	0.65	1	-10	35	No	No	Standard	3.5	1.65	No	No	No	No	No	No	No	No	No	No	False	10.0	1.35	Teeth	canines	Bite	No	No	No	No	No	16	0.6	0.70	0.40	15	6.5	0.30	0.15	8.00	true	false	CarnivoreAnimal, OvivoreAnimal	No	Leather_Dog	QuadrupedAnimalWithPawsAndTail	0.100	0.300	No	48	12	Advanced	true	1.5	1	No	false	false	AttackTarget	No	80	0.45	2~6	true	false	AnimalUncommon, AnimalFighter		false	0.05	No	True	False	False	False	False	False	No
<li>Mastiff</li>	No	None	None	375	7	0	1	-20	35	No	No	Standard	5.0	1.95	No	No	No	No	No	No	No	No	No	No	False	14.0	1.60	Teeth	canines	Bite	No	No	No	No	No	18	0.95	1.15	0.55	15	6.5	0.30	0.15	6.00	true	false	OmnivoreAnimal, OvivoreAnimal	No	Leather_Dog	QuadrupedAnimalWithPawsAndTail	0.000	0.100	1	36	12	Advanced	true	1.5	1	No	false	false	AttackTarget, Comfort	No	110	0.65	2~6	false	false	AnimalCommon, AnimalFighter, AnimalPet		false	0.05	No	True	False	False	False	False	False	No
<li>Doberman</li>	No	None	None	350	8	0	1	-10	35	No	No	Standard	4.5	1.80	No	No	No	No	No	No	No	No	No	No	False	11.5	1.45	Teeth	canines	Bite	No	No	No	No	No	16	0.75	0.90	0.50	15	6.5	0.30	0.15	6.00	true	false	OmnivoreAnimal, OvivoreAnimal	No	Leather_Dog	QuadrupedAnimalWithPawsAndTail	0.000	0.100	1	24	12	Advanced	true	1.25	1	No	false	false	AttackTarget, Comfort	No	90	0.55	2~6	false	false	AnimalCommon, AnimalFighter, AnimalPet		false	0.05	No	True	False	False	False	False	False	No
<li>Fisher</li>	No	None	None	125	3	0.55	1	-5	35	No	No	Standard	2.0	1.25	No	No	No	No	No	No	No	No	No	No	False	5.5	0.95	Teeth	canines	Bite	3.0	0.65	FrontRightPaw, FrontRightPaw	left claw, right claw	Scratch	16	0.3	0.35	0.30	8	6.0	0.30	0.15	2.50	false	false	CarnivoreAnimal, OvivoreAnimal	No	Leather_Light	QuadrupedAnimalWithPawsAndTail	0.025	0.000	No	36	12	Intermediate	true	0.75	1	No	false	false	Comfort	No	45	0.30	No	true	false	AnimalCommon		false	0.1	No	True	False	False	False	False	False	No
<li>StripedHyena</li>	No	None	None	500	6.5	0.7	1	-10	35	No	No	Standard	4.5	1.90	No	No	No	No	No	No	No	No	No	No	False	14.0	1.50	Teeth	canines	Bite	No	No	No	No	No	16	0.85	1.00	0.50	15	7.0	0.40	0.20	2.50	true	false	CarnivoreAnimal, OvivoreAnimal	No	Leather_Dog	QuadrupedAnimalWithPawsAndTail	0.100	0.300	No	48	12	Advanced	true	2.25	1	No	false	false	AttackTarget	No	105	0.55	2~6	true	false	AnimalUncommon, AnimalFighter		false	0.05	No	True	False	False	False	False	False	Bone
<li>Leopard</li>	No	BigCatThingBase	BigCatKindBase	550	8	0.75	1	-25	35	No	No	Standard	5.0	2.00	No	No	No	No	No	No	No	No	No	No	False	14.0	1.40	Teeth	canines	Bite	8.0	1.00	FrontRightPaw, FrontRightPaw	left claw, right claw	Scratch	20	0.95	1.15	0.55	15	7.0	0.40	0.20	2.00	false	false	CarnivoreAnimal, OvivoreAnimal	No	Leather_Panthera	QuadrupedAnimalWithPawsAndTail	0.100	0.300	No	No	12	Intermediate	true	2	1	No	false	false	AttackTarget	No	120	0.65	No	true	false	AnimalUncommon, AnimalFighter		false	0.05	No	True	False	False	False	False	False	No